Source_Group,Datasets,Source_Types,Evidence_Levels,Cohort_Row_Counts,DOI_for_access,DOI_as_recorded,DOI_status,Source_Reference,Redistribution_Status,Licence_or_Terms_URL,Access_Route
10.1007/s10853-010-4313-y,基础合并147,Public_Database,Curated_traceable,EL:4; MTL:4; Matched:4; UTS:4; YS:4,10.1007/s10853-010-4313-y,10.1007/s10853-010-4313-y,Consistent_in_reference,10.1007/s10853-010-4313-y,Review_required,,Resolve DOI 10.1007/s10853-010-4313-y and consult the article/supplement
10.1007/s10853-018-2201-z,基础合并147,Public_Database,Curated_traceable,EL:3; MTL:4; Matched:3; UTS:4; YS:4,10.1007/s10853-018-2201-z,10.1007/s10853-018-2201-z,Consistent_in_reference,10.1007/s10853-018-2201-z,Review_required,,Resolve DOI 10.1007/s10853-018-2201-z and consult the article/supplement
10.1007/s11661-010-0395-z,基础合并147,Public_Database,Curated_traceable,MTL:2; UTS:2; YS:2,10.1007/s11661-010-0395-z,10.1007/s11661-010-0395-z,Consistent_in_reference,10.1007/s11661-010-0395-z,Review_required,,Resolve DOI 10.1007/s11661-010-0395-z and consult the article/supplement
10.1007/s11661-014-2235-z,基础合并147,Public_Database,Curated_traceable,EL:1; MTL:1; Matched:1; UTS:1; YS:1,10.1007/s11661-014-2235-z,10.1007/s11661-014-2235-z,Consistent_in_reference,10.1007/s11661-014-2235-z,Review_required,,Resolve DOI 10.1007/s11661-014-2235-z and consult the article/supplement
10.1007/s11661-021-06279-5,基础合并147,Literature,Curated_traceable,EL:2; MTL:2; Matched:2; UTS:2; YS:2,https://doi.org/10.1007/s11661-021-06279-5,https://doi.org/10.1007/s11661-021-06279-5,Consistent_in_reference,https://doi.org/10.1007/s11661-021-06279-5,Review_required,,Resolve DOI https://doi.org/10.1007/s11661-021-06279-5 and consult the article/supplement
10.1007/s11665-025-11325-z,基础合并147,Literature,Curated_traceable,EL:1; MTL:1; UTS:1,https://doi.org/10.1007/s11665-025-11325-z,https://doi.org/10.1007/s11665-025-11325-z,Consistent_in_reference,https://doi.org/10.1007/s11665-025-11325-z,Review_required,,Resolve DOI https://doi.org/10.1007/s11665-025-11325-z and consult the article/supplement
10.1007/s12540-023-01610-8,基础合并147,Literature,Curated_traceable,EL:4; MTL:4; Matched:4; UTS:4; YS:4,https://doi.org/10.1007/s12540-023-01610-8,https://doi.org/10.1007/s12540-023-01610-8,Consistent_in_reference,https://doi.org/10.1007/s12540-023-01610-8,Review_required,,Resolve DOI https://doi.org/10.1007/s12540-023-01610-8 and consult the article/supplement
10.1007/s12613-019-1894-6,基础合并147,Literature,Curated_traceable,EL:2; MTL:2; Matched:2; UTS:2; YS:2,https://doi.org/10.1007/s12613-019-1894-6,https://doi.org/10.1007/s12613-019-1894-6,Consistent_in_reference,https://doi.org/10.1007/s12613-019-1894-6,Review_required,,Resolve DOI https://doi.org/10.1007/s12613-019-1894-6 and consult the article/supplement
10.1007/s40192-024-00374-2,基础合并147,Literature,Curated_traceable,EL:2; MTL:2; Matched:2; UTS:2; YS:2,https://doi.org/10.1007/s40192-024-00374-2,https://doi.org/10.1007/s40192-024-00374-2,Consistent_in_reference,https://doi.org/10.1007/s40192-024-00374-2,Review_required,,Resolve DOI https://doi.org/10.1007/s40192-024-00374-2 and consult the article/supplement
10.1016/j.actamat.2006.11.009,基础合并147,Public_Database,Curated_traceable,EL:1; MTL:1; Matched:1; UTS:1; YS:1,10.1016/j.actamat.2006.11.009,10.1016/j.actamat.2006.11.009,Consistent_in_reference,10.1016/j.actamat.2006.11.009,Review_required,,Resolve DOI 10.1016/j.actamat.2006.11.009 and consult the article/supplement
10.1016/j.actamat.2013.09.042,基础合并147,Public_Database,Curated_traceable,EL:7; MTL:7; Matched:7; UTS:7; YS:7,10.1016/j.actamat.2013.09.042,10.1016/j.actamat.2013.09.042,Consistent_in_reference,10.1016/j.actamat.2013.09.042,Review_required,,Resolve DOI 10.1016/j.actamat.2013.09.042 and consult the article/supplement
10.1016/j.jmatprotec.2018.06.022,基础合并147,Public_Database,Curated_traceable,EL:1; MTL:1; Matched:1; UTS:1; YS:1,10.1016/j.jmatprotec.2018.06.022,10.1016/j.jmatprotec.2018.06.022,Consistent_in_reference,10.1016/j.jmatprotec.2018.06.022,Review_required,,Resolve DOI 10.1016/j.jmatprotec.2018.06.022 and consult the article/supplement
10.1016/j.jmrt.2022.06.015,基础合并147,Literature,Curated_traceable,EL:5; MTL:5; Matched:5; UTS:5; YS:5,https://doi.org/10.1016/j.jmrt.2022.06.015,https://doi.org/10.1016/j.jmrt.2022.06.015,Consistent_in_reference,https://doi.org/10.1016/j.jmrt.2022.06.015,Review_required,,Resolve DOI https://doi.org/10.1016/j.jmrt.2022.06.015 and consult the article/supplement
10.1016/j.jmrt.2023.03.041,基础合并147,Literature,Curated_traceable,EL:5; MTL:5; Matched:5; UTS:5; YS:5,https://doi.org/10.1016/j.jmrt.2023.03.041,https://doi.org/10.1016/j.jmrt.2023.03.041,Consistent_in_reference,https://doi.org/10.1016/j.jmrt.2023.03.041,Review_required,,Resolve DOI https://doi.org/10.1016/j.jmrt.2023.03.041 and consult the article/supplement
10.1016/j.matdes.2015.05.074,基础合并147,Public_Database,Curated_traceable,EL:1; MTL:1; Matched:1; UTS:1; YS:1,10.1016/j.matdes.2015.05.074,10.1016/j.matdes.2015.05.074,Consistent_in_reference,10.1016/j.matdes.2015.05.074,Review_required,,Resolve DOI 10.1016/j.matdes.2015.05.074 and consult the article/supplement
10.1016/j.matdes.2025.114289,基础合并147,Literature,Curated_traceable,EL:5; MTL:5; Matched:5; UTS:5; YS:5,https://doi.org/10.1016/j.matdes.2025.114289,https://doi.org/10.1016/j.matdes.2025.114289,Consistent_in_reference,https://doi.org/10.1016/j.matdes.2025.114289,Review_required,,Resolve DOI https://doi.org/10.1016/j.matdes.2025.114289 and consult the article/supplement
10.1016/j.matlet.2024.137187,基础合并147,Literature,Curated_traceable,EL:2; MTL:2; Matched:2; UTS:2; YS:2,https://doi.org/10.1016/j.matlet.2024.137187,https://doi.org/10.1016/j.matlet.2024.137187,Consistent_in_reference,https://doi.org/10.1016/j.matlet.2024.137187,Review_required,,Resolve DOI https://doi.org/10.1016/j.matlet.2024.137187 and consult the article/supplement
10.1016/j.msea.2006.12.125,基础合并147,Public_Database,Curated_traceable,EL:1; MTL:1; Matched:1; UTS:1; YS:1,10.1016/j.msea.2006.12.125,10.1016/j.msea.2006.12.125,Consistent_in_reference,10.1016/j.msea.2006.12.125,Review_required,,Resolve DOI 10.1016/j.msea.2006.12.125 and consult the article/supplement
10.1016/j.msea.2007.07.048,基础合并147,Public_Database,Curated_traceable,EL:2; MTL:2; Matched:2; UTS:2; YS:2,10.1016/j.msea.2007.07.048,10.1016/j.msea.2007.07.048,Consistent_in_reference,10.1016/j.msea.2007.07.048,Review_required,,Resolve DOI 10.1016/j.msea.2007.07.048 and consult the article/supplement
10.1016/j.msea.2007.10.083,基础合并147,Public_Database,Curated_traceable,EL:3; MTL:3; Matched:3; UTS:3; YS:3,10.1016/j.msea.2007.10.083,10.1016/j.msea.2007.10.083,Consistent_in_reference,10.1016/j.msea.2007.10.083,Review_required,,Resolve DOI 10.1016/j.msea.2007.10.083 and consult the article/supplement
10.1016/j.msea.2011.11.031,基础合并147,Public_Database,Curated_traceable,EL:9; MTL:9; Matched:9; UTS:9; YS:9,10.1016/j.msea.2011.11.031,10.1016/j.msea.2011.11.031,Consistent_in_reference,10.1016/j.msea.2011.11.031,Review_required,,Resolve DOI 10.1016/j.msea.2011.11.031 and consult the article/supplement
10.1016/j.msea.2012.07.016,基础合并147,Public_Database,Curated_traceable,EL:1; MTL:1; Matched:1; UTS:1; YS:1,10.1016/j.msea.2012.07.016,10.1016/j.msea.2012.07.016,Consistent_in_reference,10.1016/j.msea.2012.07.016,Review_required,,Resolve DOI 10.1016/j.msea.2012.07.016 and consult the article/supplement
10.1016/j.msea.2024.147381,基础合并147,Literature,Curated_traceable,EL:1; MTL:3; Matched:1; UTS:3; YS:2,https://doi.org/10.1016/j.msea.2024.147381,https://doi.org/10.1016/j.msea.2024.147381,Consistent_in_reference,https://doi.org/10.1016/j.msea.2024.147381,Review_required,,Resolve DOI https://doi.org/10.1016/j.msea.2024.147381 and consult the article/supplement
10.1016/j.msea.2026.149868,基础合并147,Literature,Curated_traceable,MTL:2; YS:2,https://doi.org/10.1016/j.msea.2026.149868,https://doi.org/10.1016/j.msea.2026.149868,Consistent_in_reference,https://doi.org/10.1016/j.msea.2026.149868,Review_required,,Resolve DOI https://doi.org/10.1016/j.msea.2026.149868 and consult the article/supplement
10.1016/j.mtcomm.2021.102570,基础合并147,Literature,Curated_traceable,EL:1; MTL:1; Matched:1; UTS:1; YS:1,https://doi.org/10.1016/j.mtcomm.2021.102570,https://doi.org/10.1016/j.mtcomm.2021.102570,Consistent_in_reference,https://doi.org/10.1016/j.mtcomm.2021.102570,Review_required,,Resolve DOI https://doi.org/10.1016/j.mtcomm.2021.102570 and consult the article/supplement
10.1016/j.mtcomm.2025.112843,基础合并147,Literature,Curated_traceable,EL:2; MTL:3; Matched:2; UTS:2; YS:3,https://doi.org/10.1016/j.mtcomm.2025.112843,https://doi.org/10.1016/j.mtcomm.2025.112843,Consistent_in_reference,https://doi.org/10.1016/j.mtcomm.2025.112843,Review_required,,Resolve DOI https://doi.org/10.1016/j.mtcomm.2025.112843 and consult the article/supplement
10.1016/j.mtcomm.2025.113970,基础合并147,Literature,Curated_traceable,EL:1; MTL:1; Matched:1; UTS:1; YS:1,https://doi.org/10.1016/j.mtcomm.2025.113970,https://doi.org/10.1016/j.mtcomm.2025.113970,Consistent_in_reference,https://doi.org/10.1016/j.mtcomm.2025.113970,Review_required,,Resolve DOI https://doi.org/10.1016/j.mtcomm.2025.113970 and consult the article/supplement
10.1016/s0043-1648(03)00373-9,基础合并147,Public_Database,Curated_traceable,MTL:1; UTS:1; YS:1,10.1016/s0043-1648(03)00373-9,10.1016/s0043-1648(03)00373-9,Consistent_in_reference,10.1016/s0043-1648(03)00373-9,Review_required,,Resolve DOI 10.1016/s0043-1648(03)00373-9 and consult the article/supplement
10.1088/2053-1591/ab8492,基础合并147,Literature,Curated_traceable,EL:5; MTL:5; Matched:5; UTS:5; YS:5,https://doi.org/10.1088/2053-1591/ab8492,https://doi.org/10.1088/2053-1591/ab8492,Consistent_in_reference,https://doi.org/10.1088/2053-1591/ab8492,Review_required,,Resolve DOI https://doi.org/10.1088/2053-1591/ab8492 and consult the article/supplement
10.3390/ma13225227,基础合并147,Literature,Curated_traceable,MTL:1; YS:1,doi:10.3390/ma13225227,doi:10.3390/ma13225227,Consistent_in_reference,doi:10.3390/ma13225227,Review_required,,Resolve DOI doi:10.3390/ma13225227 and consult the article/supplement
10.3390/ma17010092,基础合并147,Literature,Curated_traceable,EL:3; MTL:3; Matched:3; UTS:3; YS:3,https://doi.org/10.3390/ma17010092,https://doi.org/10.3390/ma17010092,Consistent_in_reference,https://doi.org/10.3390/ma17010092,Review_required,,Resolve DOI https://doi.org/10.3390/ma17010092 and consult the article/supplement
10.3390/met14040415,基础合并147,Literature,Curated_traceable,EL:5; MTL:5; Matched:5; UTS:5; YS:5,https://doi.org/10.3390/met14040415,https://doi.org/10.3390/met14040415,Consistent_in_reference,https://doi.org/10.3390/met14040415,Review_required,,Resolve DOI https://doi.org/10.3390/met14040415 and consult the article/supplement
10.3390/met16010099,基础合并147,Literature,Curated_traceable,EL:5; MTL:5; Matched:4; UTS:4; YS:5,https://doi.org/10.3390/met16010099,https://doi.org/10.3390/met16010099,Consistent_in_reference,https://doi.org/10.3390/met16010099,Review_required,,Resolve DOI https://doi.org/10.3390/met16010099 and consult the article/supplement
ACTASRC_002,Acta_UTS461,Literature_Supplement,High_explicit_grade,MTL:1; UTS:1,10.7666/d.D687312,10.7666/d.D687312,Consistent_in_reference,"宗崇文. 7075铝合金时效成形力学性能及微观组织特征研究. 南昌航空大学, 2015. DOI: 10. 7666/d. D687312.",Review_required,,Resolve DOI 10.7666/d.D687312 and consult the article/supplement
ACTASRC_003,Acta_UTS461,Literature_Supplement,High_explicit_grade,MTL:1; UTS:1,10.14158/j.cnki.1001-3814.2018.08.052,10.14158/j.cnki.1001-3814.2018.08.052,Consistent_in_reference,"祝贞凤, 史春丽, 李辉, 等. 固溶处理对7150铝合金显微组织和力学性能的影响. 热加工工艺, 2018, 47(8): 201-203, 211. DOI: 10. 14158/j. cnki. 1001-3814. 2018. 08. 052.",Review_required,,Resolve DOI 10.14158/j.cnki.1001-3814.2018.08.052 and consult the article/supplement
ACTASRC_004,Acta_UTS461,Literature_Supplement,High_explicit_grade,MTL:1; UTS:1,,10.1016/j.actamat.2024.119873,No_DOI_in_reference_manual_check,"朱志云, 张雪辉, 陈慧玲, 等. 淬火介质对7249铝合金力学性能及晶间腐蚀行为的影响. 材料热处理学报, 2015, 36(1): 47-51. DOI: CNKI: SUN: JSCL. 0. 2015-01-010.",Review_required,,Locate the source from Source_Reference; DOI/access terms require manual verification
ACTASRC_005,Acta_UTS461,Literature_Supplement,High_explicit_grade,MTL:1; UTS:1,,10.1016/j.actamat.2024.119873,No_DOI_in_reference_manual_check,"朱玉桂, 张豪, 张林, 等. 喷射成形7475铝合金的显微组织与力学性能[. 铸造, 2010, 3: 4. DOI: CNKI: SUN: ZZZZ. 0. 2010-03-007.",Review_required,,Locate the source from Source_Reference; DOI/access terms require manual verification
ACTASRC_006,Acta_UTS461,Literature_Supplement,High_explicit_grade,MTL:1; UTS:1,10.16375/j.cnki.cn45-1395/t.2016.02.014,10.16375/j.cnki.cn45-1395/t.2016.02.014,Consistent_in_reference,"周学浩, 孙有平, 张扬扬, 等. 固溶时效对7055铝合金组织和性能的影响. 广西科技大学学报, 2016, 27(2): 81-85. DOI: 10. 16375/j. cnki. cn45-1395/t. 2016. 02. 014.",Review_required,,Resolve DOI 10.16375/j.cnki.cn45-1395/t.2016.02.014 and consult the article/supplement
ACTASRC_008,Acta_UTS461,Literature_Supplement,High_explicit_grade,MTL:1; UTS:1,10.3321/j.issn:1004-0609.2001.05.007,10.3321/j.issn:1004-0609.2001.05.007,Consistent_in_reference,"郑子樵, 李红英, 莫志民. 一种7055型铝合金的RRA处理. 中国有色金属学报, 2001, 11(5): 771-780. DOI: 10. 3321/j. issn: 1004-0609. 2001. 05. 007.",Review_required,,Resolve DOI 10.3321/j.issn:1004-0609.2001.05.007 and consult the article/supplement
ACTASRC_010,Acta_UTS461,Literature_Supplement,High_explicit_grade,MTL:1; UTS:1,10.7666/d.D755694,10.7666/d.D755694,Consistent_in_reference,"郑皓. 7055铝合金及环轧件的组织与热处理工艺. 哈尔滨工业大学, 2015. DOI: 10. 7666/d. D755694.",Review_required,,Resolve DOI 10.7666/d.D755694 and consult the article/supplement
ACTASRC_012,Acta_UTS461,Literature_Supplement,High_explicit_grade,MTL:1; UTS:1,,10.1016/j.actamat.2024.119873,No_DOI_in_reference_manual_check,"赵晓洁, 余荣华, 袁鹏斌. 改善7055铝合金力学性能的研究. 热加工工艺, 2015, 44(16): 107-108. DOI: JournalArticle/5b3b4b38c095d70f006a1512.",Review_required,,Locate the source from Source_Reference; DOI/access terms require manual verification
ACTASRC_013,Acta_UTS461,Literature_Supplement,High_explicit_grade,MTL:2; UTS:2,10.11868/j.issn.1005-5053.2015.2.008,10.11868/j.issn.1005-5053.2015.2.008,Consistent_in_reference,"赵凤, 鲁法云, 郭富安. 两种7050铝合金厚板的组织与性能. 航空材料学报, 2015, 35(2): 64-71. DOI: 10. 11868/j. issn. 1005-5053. 2015. 2. 008.",Review_required,,Resolve DOI 10.11868/j.issn.1005-5053.2015.2.008 and consult the article/supplement
ACTASRC_014,Acta_UTS461,Literature_Supplement,High_explicit_grade,MTL:1; UTS:1,10.13251/j.issn.0254-6051.2015.11.034,10.13251/j.issn.0254-6051.2015.11.034,Consistent_in_reference,"赵凤, 鲁法云, 郭富安. 7050铝合金双级时效制度的研究. 金属热处理, 2015, 40(11): 149-153. DOI: 10. 13251/j. issn. 0254-6051. 2015. 11. 034.",Review_required,,Resolve DOI 10.13251/j.issn.0254-6051.2015.11.034 and consult the article/supplement
ACTASRC_015,Acta_UTS461,Literature_Supplement,High_explicit_grade,MTL:1; UTS:1,,10.1016/j.actamat.2024.119873,No_DOI_in_reference_manual_check,"张允康, 许晓静, 罗勇, 等. 7075铝合金强化固溶T76处理后的拉伸与剥落腐蚀性能. 稀有金属材料与工程, 2012(S2): 612-615. DOI: CNKI: SUN: COSE. 0. 2012-S2-148.",Review_required,,Locate the source from Source_Reference; DOI/access terms require manual verification
ACTASRC_016,Acta_UTS461,Literature_Supplement,High_explicit_grade,MTL:1; UTS:1,,10.1016/j.actamat.2024.119873,No_DOI_in_reference_manual_check,"张宇. 7075铝合金时效“双峰”应力腐蚀开裂与氢脆的研究. 热加工工艺, 2013, 42(6): 178-181. DOI: CNKI: SUN: SJGY. 0. 2013-06-057",Review_required,,Locate the source from Source_Reference; DOI/access terms require manual verification
ACTASRC_018,Acta_UTS461,Literature_Supplement,High_explicit_grade,MTL:1; UTS:1,10.15980/j.tzzz.2015.02.010,10.15980/j.tzzz.2015.02.010,Consistent_in_reference,"张训, 王淑青, 刘晓霏, 等. 7055超高强铝合金的固溶工艺研究. 特种铸造及有色合金, 2015, 35(2): 147-149. DOI: 10. 15980/j. tzzz. 2015. 02. 010.",Review_required,,Resolve DOI 10.15980/j.tzzz.2015.02.010 and consult the article/supplement
ACTASRC_019,Acta_UTS461,Literature_Supplement,High_explicit_grade,MTL:1; UTS:1,10.13251/j.issn.0254-6051.2015.10.041,10.13251/j.issn.0254-6051.2015.10.041,Consistent_in_reference,"张训, 高智勇, 叶茂, 等. 7055超高强铝合金的时效工艺. 金属热处理, 2015, 40(10): 181-186. DOI: 10. 13251/j. issn. 0254-6051. 2015. 10. 041.",Review_required,,Resolve DOI 10.13251/j.issn.0254-6051.2015.10.041 and consult the article/supplement
ACTASRC_020,Acta_UTS461,Literature_Supplement,High_explicit_grade,MTL:1; UTS:1,,10.1016/j.actamat.2024.119873,No_DOI_in_reference_manual_check,"张新明, 韩念梅, 刘胜胆, 等. 7050铝合金厚板织构、拉伸性能及断裂韧性的不均匀性. 中国有色金属学报, 2010, 20(2): 202-208. DOI: CNKI: SUN: ZYXZ. 0. 2010-02-007",Review_required,,Locate the source from Source_Reference; DOI/access terms require manual verification
ACTASRC_022,Acta_UTS461,Literature_Supplement,High_explicit_grade,MTL:2; UTS:2,10.3969/j.issn.1007-7235.2003.02.010,10.3969/j.issn.1007-7235.2003.02.010,Consistent_in_reference,"张晓彧, 张宏伟, 高开运. 7175铝合金大型锻件热处理工艺研究. 轻合金加工技术, 2003, 31(2): 32-37. DOI: 10. 3969/j. issn. 1007-7235. 2003. 02. 010.",Review_required,,Resolve DOI 10.3969/j.issn.1007-7235.2003.02.010 and consult the article/supplement
ACTASRC_025,Acta_UTS461,Literature_Supplement,High_explicit_grade,MTL:1; UTS:1,,10.1016/j.actamat.2024.119873,No_DOI_in_reference_manual_check,"张蓉, 林高用, 伍利群. 双级均匀化对7055铝合金微结构与力学性能的影响. 武汉理工大学学报, 2011, 33(7): 1-4. DOI: CNKI: SUN: WHGY. 0. 2011-07-003.",Review_required,,Locate the source from Source_Reference; DOI/access terms require manual verification
ACTASRC_027,Acta_UTS461,Literature_Supplement,High_explicit_grade,MTL:1; UTS:1,10.16078/j.tribology.2017.06.018,10.16078/j.tribology.2017.06.018,Consistent_in_reference,"张俊, 彭金方, 徐志彪, 等. 7075铝合金扭转微动疲劳行为研究. 摩擦学学报, 2017, 37(6): 854-862. DOI: 10. 16078/j. tribology. 2017. 06. 018.",Review_required,,Resolve DOI 10.16078/j.tribology.2017.06.018 and consult the article/supplement
ACTASRC_028,Acta_UTS461,Literature_Supplement,High_explicit_grade,MTL:1; UTS:1,,10.1016/j.actamat.2024.119873,No_DOI_in_reference_manual_check,"张静, 杨亮, 左汝林. 固溶时效工艺对7055铝合金组织和力学性能的影响. 稀有金属材料与工程, 2015, 44(4): 956-960. DOI: CNKI: SUN: COSE. 0. 2015-04-036.",Review_required,,Locate the source from Source_Reference; DOI/access terms require manual verification
ACTASRC_030,Acta_UTS461,Literature_Supplement,High_explicit_grade,MTL:1; UTS:1,10.7666/d.D503407,10.7666/d.D503407,Consistent_in_reference,"岳庚新. 7055铝合金的热处理工艺研究. 北华航天工业学院, 2014. DOI: 10. 7666/d. D503407.",Review_required,,Resolve DOI 10.7666/d.D503407 and consult the article/supplement
ACTASRC_034,Acta_UTS461,Literature_Supplement,High_explicit_grade,MTL:1; UTS:1,,10.1016/j.actamat.2024.119873,No_DOI_in_reference_manual_check,"阎大京. 从7475铝合金的时效看Al—Zn—Mg—Cu系合金的强化. 材料工程, 1992, 2: 15-17. DOI: CNKI: SUN: CLGC. 0. 1992-02-006.",Review_required,,Locate the source from Source_Reference; DOI/access terms require manual verification
ACTASRC_035,Acta_UTS461,Literature_Supplement,High_explicit_grade,MTL:1; UTS:1,,10.1016/j.actamat.2024.119873,No_DOI_in_reference_manual_check,"阎大京. 热处理对7475铝合金腐蚀性能的影响. 宇航材料工艺, 1992, (5): 5-10, 67. DOI: CNKI: SUN: YHCG. 0. 1992-05-001.",Review_required,,Locate the source from Source_Reference; DOI/access terms require manual verification
ACTASRC_039,Acta_UTS461,Literature_Supplement,High_explicit_grade,MTL:1; UTS:1,,10.1016/j.actamat.2024.119873,No_DOI_in_reference_manual_check,"许晓静, 张允康, 罗勇, 等. 7085铝合金强化固溶T7652处理后的拉伸与晶间腐蚀性能. 稀有金属材料与工程, 2013, 2: 4. DOI: CNKI: SUN: COSE. 0. 2013-S2-092.",Review_required,,Locate the source from Source_Reference; DOI/access terms require manual verification
ACTASRC_040,Acta_UTS461,Literature_Supplement,High_explicit_grade,MTL:1; UTS:1,10.3969/j.issn.1673-0224.2011.05.011,10.3969/j.issn.1673-0224.2011.05.011,Consistent_in_reference,"许俊华, 赵立军, 喻利花, 等. 时效制度对工业规格喷射成形7055铝合金组织和性能的影响. 粉末冶金材料科学与工程, 2011, 16(5): 700-709. DOI: 10. 3969/j. issn. 1673-0224. 2011. 05. 011.",Review_required,,Resolve DOI 10.3969/j.issn.1673-0224.2011.05.011 and consult the article/supplement
ACTASRC_042,Acta_UTS461,Literature_Supplement,High_explicit_grade,MTL:1; UTS:1,,10.1016/j.actamat.2024.119873,No_DOI_in_reference_manual_check,"徐超. 7075铝合金的低周疲劳行为及其损伤演化机理研究. 上海工程技术大学, 2014.",Review_required,,Locate the source from Source_Reference; DOI/access terms require manual verification
ACTASRC_046,Acta_UTS461,Literature_Supplement,High_explicit_grade,MTL:1; UTS:1,10.3969/j.issn.0253-6099.2014.06.029,10.3969/j.issn.0253-6099.2014.06.029,Consistent_in_reference,"肖芳辉, 刘华山, 杨冯, 等. 微量锡对AA7085铝合金组织与性能的影响. 矿冶工程, 2014, 34(6): 5. DOI: 10. 3969/j. issn. 0253-6099. 2014. 06. 029.",Review_required,,Resolve DOI 10.3969/j.issn.0253-6099.2014.06.029 and consult the article/supplement
ACTASRC_047,Acta_UTS461,Literature_Supplement,High_explicit_grade,MTL:1; UTS:1,10.3969/j.issn.1007-7235.2000.07.014,10.3969/j.issn.1007-7235.2000.07.014,Consistent_in_reference,"夏露, 陈洪, 李尧. 铍元素对7475铝合金时效组织及性能的影响. 轻合金加工技术, 2000, 28(7): 3. DOI: 10. 3969/j. issn. 1007-7235. 2000. 07. 014.",Review_required,,Resolve DOI 10.3969/j.issn.1007-7235.2000.07.014 and consult the article/supplement
ACTASRC_049,Acta_UTS461,Literature_Supplement,High_explicit_grade,MTL:1; UTS:1,10.7666/d.y985912,10.7666/d.y985912,Consistent_in_reference,"王志云. 热处理对7A04超高强铝合金强度和断裂韧性的影响. 广西大学, 2006. DOI: 10. 7666/d. y985912.",Review_required,,Resolve DOI 10.7666/d.y985912 and consult the article/supplement
ACTASRC_050,Acta_UTS461,Literature_Supplement,High_explicit_grade,MTL:1; UTS:1,,10.1016/j.actamat.2024.119873,No_DOI_in_reference_manual_check,"王艺淋. 高强高韧7050铝合金厚板的疲劳与断裂行为研究. 中南大学, 2014.",Review_required,,Locate the source from Source_Reference; DOI/access terms require manual verification
ACTASRC_051,Acta_UTS461,Literature_Supplement,High_explicit_grade,MTL:1; UTS:1,,10.1016/j.actamat.2024.119873,No_DOI_in_reference_manual_check,"王祥. 7050铝合金热处理工艺研究. 湖南大学, 2017.",Review_required,,Locate the source from Source_Reference; DOI/access terms require manual verification
ACTASRC_052,Acta_UTS461,Literature_Supplement,High_explicit_grade,MTL:1; UTS:1,10.3969/j.issn.1000-2324.2014.05.017,10.3969/j.issn.1000-2324.2014.05.017,Consistent_in_reference,"王亮亮. 固溶处理对汽车用7075铝合金微观组织和力学性能的影响. 山东农业大学学报（自然科学版）, 2014(5): 717-719. DOI: 10. 3969/j. issn. 1000-2324. 2014. 05. 017.",Review_required,,Resolve DOI 10.3969/j.issn.1000-2324.2014.05.017 and consult the article/supplement
ACTASRC_053,Acta_UTS461,Literature_Supplement,High_explicit_grade,MTL:6; UTS:6,10.3969/j.issn.1007-7235.2002.03.012,10.3969/j.issn.1007-7235.2002.03.012,Consistent_in_reference,"王慧敏. 7475铝合金断裂韧性的研究. 中南大学, 2001. DOI: 10. 3969/j. issn. 1007-7235. 2002. 03. 012",Review_required,,Resolve DOI 10.3969/j.issn.1007-7235.2002.03.012 and consult the article/supplement
ACTASRC_054,Acta_UTS461,Literature_Supplement,High_explicit_grade,MTL:1; UTS:1,10.3969/j.issn.1004-132X.2012.02.024,10.3969/j.issn.1004-132X.2012.02.024,Consistent_in_reference,"王辉, 高霖, 陈明和, 等. T6态7075铝合金的温拉深成形研究. 中国机械工程, 2012, 23(2): 4. DOI: 10. 3969/j. issn. 1004-132X. 2012. 02. 024.",Review_required,,Resolve DOI 10.3969/j.issn.1004-132X.2012.02.024 and consult the article/supplement
ACTASRC_056,Acta_UTS461,Literature_Supplement,High_explicit_grade,MTL:1; UTS:1,10.13979/j.1007-7235.2016.04.009,10.13979/j.1007-7235.2016.04.009,Consistent_in_reference,"王国军, 孙黎明, 李锡武, 等. 7056铝合金组织与性能的试验研究. 轻合金加工技术, 2016, 44(4): 45-50. DOI: 10. 13979/j. 1007-7235. 2016. 04. 009.",Review_required,,Resolve DOI 10.13979/j.1007-7235.2016.04.009 and consult the article/supplement
ACTASRC_057,Acta_UTS461,Literature_Supplement,High_explicit_grade,MTL:1; UTS:1,,10.1016/j.actamat.2024.119873,No_DOI_in_reference_manual_check,"王凤春, 李志辉, 刘英, 等. 时效处理对7449铝合金组织和性能的影响. 金属热处理, 2013, 38(5): 92-95. DOI: CNKI: SUN: JSRC. 0. 2013-05-027.",Review_required,,Locate the source from Source_Reference; DOI/access terms require manual verification
ACTASRC_059,Acta_UTS461,Literature_Supplement,High_explicit_grade,MTL:1; UTS:1,10.3969/j.issn.1004-9207.2015.05.180,10.3969/j.issn.1004-9207.2015.05.180,Consistent_in_reference,"王成江, 王树根. 7075合金挤压棒材时效工艺制度研究. 科技与企业, 2015(5): 194-194. DOI: 10. 3969/j. issn. 1004-9207. 2015. 05. 180.",Review_required,,Resolve DOI 10.3969/j.issn.1004-9207.2015.05.180 and consult the article/supplement
ACTASRC_063,Acta_UTS461,Literature_Supplement,High_explicit_grade,MTL:1; UTS:1,10.11785/S1000-4343.20170409,10.11785/S1000-4343.20170409,Consistent_in_reference,"孙杰, 房洪杰, 刘慧, 等. 微量铈对7085铝合金组织和性能影响. 中国稀土学报, 2017, 35(4): 501-508. DOI: 10. 11785/S1000-4343. 20170409.",Review_required,,Resolve DOI 10.11785/S1000-4343.20170409 and consult the article/supplement
ACTASRC_065,Acta_UTS461,Literature_Supplement,High_explicit_grade,MTL:1; UTS:1,10.15980/j.tzzz.2017.09.001,10.15980/j.tzzz.2017.09.001,Consistent_in_reference,"孙刚, 梁春霞, 崔建忠, 等. 回归再时效处理对7050铝合金微观组织与性能的影响. 特种铸造及有色合金, 2017, 37(9): 929-932. DOI: 10. 15980/j. tzzz. 2017. 09. 001.",Review_required,,Resolve DOI 10.15980/j.tzzz.2017.09.001 and consult the article/supplement
ACTASRC_066,Acta_UTS461,Literature_Supplement,High_explicit_grade,MTL:1; UTS:1,,10.1016/j.actamat.2024.119873,No_DOI_in_reference_manual_check,"宋丰轩, 张新明, 刘胜胆, 等. 时效对7050铝合金预拉伸板抗腐蚀性能的影响. 中国有色金属学报, 2013(3): 7. DOI: CNKI: SUN: ZYXZ. 0. 2013-03-007.",Review_required,,Locate the source from Source_Reference; DOI/access terms require manual verification
ACTASRC_067,Acta_UTS461,Literature_Supplement,High_explicit_grade,MTL:1; UTS:1,10.3969/j.issn.1005-5053.2013.4.003,10.3969/j.issn.1005-5053.2013.4.003,Consistent_in_reference,"宋丰轩, 张新明, 刘胜胆, 等. 固溶制度对7050铝合金微观组织和腐蚀性能的影响. 航空材料学报, 2013, 33(4): 14-21. DOI: 10. 3969/j. issn. 1005-5053. 2013. 4. 003.",Review_required,,Resolve DOI 10.3969/j.issn.1005-5053.2013.4.003 and consult the article/supplement
ACTASRC_068,Acta_UTS461,Literature_Supplement,High_explicit_grade,MTL:1; UTS:1,,10.1016/j.actamat.2024.119873,No_DOI_in_reference_manual_check,时效处理对7449铝合金组织和性能的影响. DOI: CNKI: SUN: JSRC. 0. 2013-05-027,Review_required,,Locate the source from Source_Reference; DOI/access terms require manual verification
ACTASRC_070,Acta_UTS461,Literature_Supplement,High_explicit_grade,MTL:1; UTS:1,10.3969/j.issn.1005-4898.2005.03.001,10.3969/j.issn.1005-4898.2005.03.001,Consistent_in_reference,"尚勇, 张立武, 李建康. 多级时效处理对7175铝合金组织和性能的影响. 铝加工, 2005, 3: 1-3. DOI: 10. 3969/j. issn. 1005-4898. 2005. 03. 001.",Review_required,,Resolve DOI 10.3969/j.issn.1005-4898.2005.03.001 and consult the article/supplement
ACTASRC_071,Acta_UTS461,Literature_Supplement,High_explicit_grade,MTL:1; UTS:1,10.3969/j.issn.1000-3738.2006.06.005,10.3969/j.issn.1000-3738.2006.06.005,Consistent_in_reference,"尚勇, 张立武, 李建康. 低中高温再多级时效处理对7175铝合金组织和性能的影响. 机械工程材料, 2006, 30(6): 14-16. DOI: 10. 3969/j. issn. 1000-3738. 2006. 06. 005.",Review_required,,Resolve DOI 10.3969/j.issn.1000-3738.2006.06.005 and consult the article/supplement
ACTASRC_074,Acta_UTS461,Literature_Supplement,High_explicit_grade,MTL:1; UTS:1,,10.1016/j.actamat.2024.119873,No_DOI_in_reference_manual_check,"邱宏伟, 于淑滨. 7050铝合金厚板RRA处理过程中性能和组织的变化. 轻合金加工技术, 1997, 25(9): 34-37. DOI: CNKI: SUN: QHJJ. 0. 1997-09-011.",Review_required,,Locate the source from Source_Reference; DOI/access terms require manual verification
ACTASRC_075,Acta_UTS461,Literature_Supplement,High_explicit_grade,MTL:1; UTS:1,10.3969/j.issn.1672-7010.2009.02.010,10.3969/j.issn.1672-7010.2009.02.010,Consistent_in_reference,"彭北山, 宁康琪, 曾苏民, 等. 双峰时效处理对7055铝合金组织和性能的影响. 邵阳学院学报（自然科学版）, 2009, 6(2): 32-34. DOI: 10. 3969/j. issn. 1672-7010. 2009. 02. 010.",Review_required,,Resolve DOI 10.3969/j.issn.1672-7010.2009.02.010 and consult the article/supplement
ACTASRC_076,Acta_UTS461,Literature_Supplement,High_explicit_grade,MTL:1; UTS:1,,10.1016/j.actamat.2024.119873,No_DOI_in_reference_manual_check,"庞国星, 岳庚新, 陈志勇, 等. 单级时效工艺对喷射成型7055铝合金组织与性能影响. 第十一次全国热处理大会论文集. 2015: 360-363.",Review_required,,Locate the source from Source_Reference; DOI/access terms require manual verification
ACTASRC_080,Acta_UTS461,Literature_Supplement,High_explicit_grade,MTL:2; UTS:2,,10.1016/j.actamat.2024.119873,No_DOI_in_reference_manual_check,"陆正萍, 张桢, 蒋云泽. Cu含量对喷射成形7055铝合金微观组织和力学性能的影响. 有色金属材料与工程, 2018, 39(1): 1-5. DOI: CNKI: SUN: SHHA. 0. 2018-01-001.",Review_required,,Locate the source from Source_Reference; DOI/access terms require manual verification
ACTASRC_081,Acta_UTS461,Literature_Supplement,High_explicit_grade,MTL:1; UTS:1,,10.1016/j.actamat.2024.119873,No_DOI_in_reference_manual_check,"刘英. 7449铝合金T79热处理工艺及组织性能研究. 北京有色金属研究总院, 2012.",Review_required,,Locate the source from Source_Reference; DOI/access terms require manual verification
ACTASRC_082,Acta_UTS461,Literature_Supplement,High_explicit_grade,MTL:2; UTS:2,10.13251/j.issn.0254-6051.2016.02.003,10.13251/j.issn.0254-6051.2016.02.003,Consistent_in_reference,"刘秋平, 刘志勇, 赵俊, 等. Zn含量及回归热处理对7075铝合金性能的影响. 金属热处理, 2016(2): 11-14, 15. DOI: 10. 13251/j. issn. 0254-6051. 2016. 02. 003.",Review_required,,Resolve DOI 10.13251/j.issn.0254-6051.2016.02.003 and consult the article/supplement
ACTASRC_084,Acta_UTS461,Literature_Supplement,High_explicit_grade,MTL:1; UTS:1,,10.1016/j.actamat.2024.119873,No_DOI_in_reference_manual_check,"林英英. 7075铝合金热处理及其表面复合层的制备研究, 重庆理工大学. 2013.",Review_required,,Locate the source from Source_Reference; DOI/access terms require manual verification
ACTASRC_088,Acta_UTS461,Literature_Supplement,High_explicit_grade,MTL:1; UTS:1,,10.1016/j.actamat.2024.119873,No_DOI_in_reference_manual_check,"李念军. 7075铝合金搅拌摩擦加工及热处理后的组织性能表征研究. 重庆大学, 2017. DOI: CNKI: CDMD: 2. 1017. 722328.",Review_required,,Locate the source from Source_Reference; DOI/access terms require manual verification
ACTASRC_089,Acta_UTS461,Literature_Supplement,High_explicit_grade,MTL:1; UTS:1,10.7666/d.y992630,10.7666/d.y992630,Consistent_in_reference,"李杰. 热处理对7055合金组织和性能的影响. 中南大学, 2005. DOI: 10. 7666/d. y992630.",Review_required,,Resolve DOI 10.7666/d.y992630 and consult the article/supplement
ACTASRC_090,Acta_UTS461,Literature_Supplement,High_explicit_grade,MTL:1; UTS:1,10.3969/j.issn.1007-7235.2004.11.010,10.3969/j.issn.1007-7235.2004.11.010,Consistent_in_reference,"李杰, 尹志民, 王涛, 等. 固溶-单级时效处理对7055铝合金力学和电学性能的影响. 轻合金加工技术, 2004, 32(11): 39-43. DOI: 10. 3969/j. issn. 1007-7235. 2004. 11. 010.",Review_required,,Resolve DOI 10.3969/j.issn.1007-7235.2004.11.010 and consult the article/supplement
ACTASRC_091,Acta_UTS461,Literature_Supplement,High_explicit_grade,MTL:1; UTS:1,10.7666/d.Y2925350,10.7666/d.Y2925350,Consistent_in_reference,"李慧. 高强7075铝合金疲劳损伤微观机理和循环形变特性的研究. 合肥工业大学, 2015. DOI: 10. 7666/d. Y2925350.",Review_required,,Resolve DOI 10.7666/d.Y2925350 and consult the article/supplement
ACTASRC_093,Acta_UTS461,Literature_Supplement,High_explicit_grade,MTL:1; UTS:1,,10.1016/j.actamat.2024.119873,No_DOI_in_reference_manual_check,"李保健. 7449铝合金热处理制度及其对组织与性能影响的研究. 中南林业科技大学, 2012.",Review_required,,Locate the source from Source_Reference; DOI/access terms require manual verification
ACTASRC_097,Acta_UTS461,Literature_Supplement,High_explicit_grade,MTL:1; UTS:1,,10.1016/j.actamat.2024.119873,No_DOI_in_reference_manual_check,"蒋云泽. 回归再时效制度对喷射成形7055铝合金组织和性能的影响. 江苏科技大学, 2015.",Review_required,,Locate the source from Source_Reference; DOI/access terms require manual verification
ACTASRC_098,Acta_UTS461,Literature_Supplement,High_explicit_grade,MTL:3; UTS:3,10.7666/d.y2195721,10.7666/d.y2195721,Consistent_in_reference,"蒋建辉. 7056铝合金热处理工艺与组织性能研究. 中南大学, 2012. DOI: 10. 7666/d. y2195721.",Review_required,,Resolve DOI 10.7666/d.y2195721 and consult the article/supplement
ACTASRC_100,Acta_UTS461,Literature_Supplement,High_explicit_grade,MTL:1; UTS:1,,10.1016/j.actamat.2024.119873,No_DOI_in_reference_manual_check,"回丽, 朱永辉, 李红, 等. T7951二次时效对7055铝合金疲劳裂纹扩展行为的影响. 机械工程材料, 2015, 39(4): 10-13. DOI: CNKI: SUN: GXGC. 0. 2015-04-003.",Review_required,,Locate the source from Source_Reference; DOI/access terms require manual verification
ACTASRC_101,Acta_UTS461,Literature_Supplement,High_explicit_grade,MTL:1; UTS:1,,10.1016/j.actamat.2024.119873,No_DOI_in_reference_manual_check,"黄乐瑜. 回归再时效处理制度对7055铝合金组织与性能的影响. 中南大学, 2011.",Review_required,,Locate the source from Source_Reference; DOI/access terms require manual verification
ACTASRC_102,Acta_UTS461,Literature_Supplement,High_explicit_grade,MTL:1; UTS:1,10.3969/j.issn.1001-3814.2008.12.002,10.3969/j.issn.1001-3814.2008.12.002,Consistent_in_reference,"侯小虎, 张秀云, 郭强, 等. 喷射成形7055铝合金热处理工艺与力学性能的研究. 热加工工艺, 2008, 37(12): 5-7. DOI: 10. 3969/j. issn. 1001-3814. 2008. 12. 002",Review_required,,Resolve DOI 10.3969/j.issn.1001-3814.2008.12.002 and consult the article/supplement
ACTASRC_105,Acta_UTS461,Literature_Supplement,High_explicit_grade,MTL:1; UTS:1,10.3969/j.issn.0258-7076.2010.02.025,10.3969/j.issn.0258-7076.2010.02.025,Consistent_in_reference,"韩小磊, 熊柏青, 张永安, 等. 双级时效制度对7150铝合金微观组织和性能的影响. 稀有金属, 2010, 34(2): 302-306. DOI: 10. 3969/j. issn. 0258-7076. 2010. 02. 025.",Review_required,,Resolve DOI 10.3969/j.issn.0258-7076.2010.02.025 and consult the article/supplement
ACTASRC_106,Acta_UTS461,Literature_Supplement,High_explicit_grade,MTL:1; UTS:1,,10.1016/j.actamat.2024.119873,No_DOI_in_reference_manual_check,"韩小磊, 熊柏青, 张永安, 等. 7150铝合金三级过时效热处理制度. 中国有色金属学报, 2012, 22(11): 3006-3014. DOI: CNKI: SUN: ZYXZ. 0. 2012-11-005.",Review_required,,Locate the source from Source_Reference; DOI/access terms require manual verification
ACTASRC_107,Acta_UTS461,Literature_Supplement,High_explicit_grade,MTL:1; UTS:1,,10.1016/j.actamat.2024.119873,No_DOI_in_reference_manual_check,"韩小磊, 熊柏青, 张永安, 等. 固溶处理对7150铝合金组织和力学性能的影响. 中国有色金属学报, 2010, 20(6): 1095-1101. DOI: CNKI: SUN: ZYXZ. 0. 2010-06-012.",Review_required,,Locate the source from Source_Reference; DOI/access terms require manual verification
ACTASRC_109,Acta_UTS461,Literature_Supplement,High_explicit_grade,MTL:1; UTS:1,,10.1016/j.actamat.2024.119873,No_DOI_in_reference_manual_check,"高妍, 陈文琳, 郭震, 等. 微量稀土对7085铝合金强度和腐蚀性能的影响. 材料热处理学报, 2015, 36(11): 112-118. DOI: CNKI: SUN: JSCL. 0. 2015-11-020.",Review_required,,Locate the source from Source_Reference; DOI/access terms require manual verification
ACTASRC_111,Acta_UTS461,Literature_Supplement,High_explicit_grade,MTL:1; UTS:1,,10.1016/j.actamat.2024.119873,No_DOI_in_reference_manual_check,"冯迪, 张新明, 刘胜胆. 非等温回归再时效对7055铝合金中厚板的厚向组织及性能均匀性的影响. 中国有色金属学报, 2015(11): 3000-3010. DOI: CNKI: SUN: ZYXZ. 0. 2015-11-006.",Review_required,,Locate the source from Source_Reference; DOI/access terms require manual verification
ACTASRC_112,Acta_UTS461,Literature_Supplement,High_explicit_grade,MTL:1; UTS:1,,10.1016/j.actamat.2024.119873,No_DOI_in_reference_manual_check,"冯迪, 张新明, 邓运来, 等. 预时效温度及回归加热速率对7055铝合金组织及性能的影响. 中国有色金属学报, 2014, 24(5): 10. DOI: CNKI: SUN: ZYXZ. 0. 2014-05-005.",Review_required,,Locate the source from Source_Reference; DOI/access terms require manual verification
ACTASRC_125,Acta_UTS461,Literature_Supplement,High_explicit_grade,MTL:2; UTS:2,10.3969/j.issn.1007-7235.2001.06.013,10.3969/j.issn.1007-7235.2001.06.013,Consistent_in_reference,"程勇胜, 郑子樵, 李秋菊. 时效制度对7475铝合金组织与性能的影响. 轻合金加工技术, 2001, 29(6): 40-44. DOI: 10. 3969/j. issn. 1007-7235. 2001. 06. 013.",Review_required,,Resolve DOI 10.3969/j.issn.1007-7235.2001.06.013 and consult the article/supplement
ACTASRC_126,Acta_UTS461,Literature_Supplement,High_explicit_grade,MTL:1; UTS:1,,10.1016/j.actamat.2024.119873,No_DOI_in_reference_manual_check,"陈志谦, 李庆, 李春梅. 7012超高强、超高韧铝合金研究. 材料导报. 2004, 3 : 240-243. DOI: ConferenceArticle/5aa4c91cc095d72220cf4dcc.",Review_required,,Locate the source from Source_Reference; DOI/access terms require manual verification
ACTASRC_127,Acta_UTS461,Literature_Supplement,High_explicit_grade,MTL:1; UTS:1,10.11817/j.issn.1672-7207.2016.10.007,10.11817/j.issn.1672-7207.2016.10.007,Consistent_in_reference,"陈宇强. T6I4和T6I6时效处理对7050铝合金疲劳性能的影响. 中南大学学报: 自然科学版, 2016, 47(10): 9. DOI: 10. 11817/j. issn. 1672-7207. 2016. 10. 007.",Review_required,,Resolve DOI 10.11817/j.issn.1672-7207.2016.10.007 and consult the article/supplement
ACTASRC_128,Acta_UTS461,Literature_Supplement,High_explicit_grade,MTL:1; UTS:1,10.3969/j.issn.1005-5053.2009.6.006,10.3969/j.issn.1005-5053.2009.6.006,Consistent_in_reference,"陈小明, 宋仁国, 张宇, 等. 超长时效对7075合金性能的影响. 航空材料学报, 2009, 29(6): 28-32. DOI: 10. 3969/j. issn. 1005-5053. 2009. 6. 006.",Review_required,,Resolve DOI 10.3969/j.issn.1005-5053.2009.6.006 and consult the article/supplement
ACTASRC_129,Acta_UTS461,Literature_Supplement,High_explicit_grade,MTL:1; UTS:1,,10.1016/j.actamat.2024.119873,No_DOI_in_reference_manual_check,"陈小明, 宋仁国, 李红霞, 等. 7075铝合金""双峰""时效研究. 材料热处理学报, 2010, 31(2): 80-84.",Review_required,,Locate the source from Source_Reference; DOI/access terms require manual verification
ACTASRC_131,Acta_UTS461,Literature_Supplement,High_explicit_grade,MTL:1; UTS:1,10.3969/j.issn.1005-4898.2014.03.03,10.3969/j.issn.1005-4898.2014.03.03,Consistent_in_reference,"陈琳. 形变热处理对7075铝合金组织和性能的影响. 铝加工, 2014(3): 14-18. DOI: 10. 3969/j. issn. 1005-4898. 2014. 03. 03.",Review_required,,Resolve DOI 10.3969/j.issn.1005-4898.2014.03.03 and consult the article/supplement
ACTASRC_132,Acta_UTS461,Literature_Supplement,High_explicit_grade,MTL:1; UTS:1,10.3321/j.issn:1004-0609.2000.06.011,10.3321/j.issn:1004-0609.2000.06.011,Consistent_in_reference,"陈康华, 刘允中, 刘红卫. 7075和2024铝合金的固溶组织与力学性能. 中国有色金属学报, 2000, 10(6): 819. DOI: 10. 3321/j. issn: 1004-0609. 2000. 06. 011.",Review_required,,Resolve DOI 10.3321/j.issn:1004-0609.2000.06.011 and consult the article/supplement
ACTASRC_133,Acta_UTS461,Literature_Supplement,High_explicit_grade,MTL:2; UTS:2,10.3969/j.issn.1672-7207.2000.06.015,10.3969/j.issn.1672-7207.2000.06.015,Consistent_in_reference,"陈康华, 刘红卫, 刘允中. 强化固溶对7055铝合金力学性能和断裂行为的影响. 中南工业大学学报（自然科学版）, 2000, 31(6): 528-531. DOI: 10. 3969/j. issn. 1672-7207. 2000. 06. 015.",Review_required,,Resolve DOI 10.3969/j.issn.1672-7207.2000.06.015 and consult the article/supplement
ACTASRC_136,Acta_UTS461,Literature_Supplement,High_explicit_grade,MTL:1; UTS:1,10.1016/S1359-6462(03)00279-3,10.1016/S1359-6462(03)00279-3,Consistent_in_reference,"陈康华, 黄兰萍. Effect of high-temperature pre-precipitation on microstructure and properties of 7055 aluminum alloy. 中国有色金属学会会刊（英文版）, 2003, 13(4): 750-754. DOI: 10. 1016/S1359-6462(03)00279-3",Review_required,,Resolve DOI 10.1016/S1359-6462(03)00279-3 and consult the article/supplement
ACTASRC_137,Acta_UTS461,Literature_Supplement,High_explicit_grade,MTL:1; UTS:1,10.3870/tzzz.2009.07.028,10.3870/tzzz.2009.07.028,Consistent_in_reference,"曾周亮, 彭北山, 曾苏民, 等. 多级固溶处理对7055铝合金组织和性能的影响. 特种铸造及有色合金, 2009, 29(7): 672-674. DOI: 10. 3870/tzzz. 2009. 07. 028.",Review_required,,Resolve DOI 10.3870/tzzz.2009.07.028 and consult the article/supplement
ACTASRC_139,Acta_UTS461,Literature_Supplement,High_explicit_grade,MTL:1; UTS:1,10.3969/j.issn.1673-4971.2014.04.009,10.3969/j.issn.1673-4971.2014.04.009,Consistent_in_reference,"曹振华, 孙巍, 荣伟, 等. 7075铝合金挤压型材时效工艺研究. 热处理技术与装备, 2014(4): 31-33. DOI: 10. 3969/j. issn. 1673-4971. 2014. 04. 009.",Review_required,,Resolve DOI 10.3969/j.issn.1673-4971.2014.04.009 and consult the article/supplement
ACTASRC_149,Acta_UTS461,Literature_Supplement,High_explicit_grade,MTL:1; UTS:1,10.11868/j.issn.1005-5053.2017.000072,10.11868/j.issn.1005-5053.2017.000072,Consistent_in_reference,"Wang S, Ma Z, Zhang X, et al. Microstructure and Properties of 7A99 Aluminum Alloy Forging after Two-step Aging Treatment. Hangkong Cailiao Xuebao/Journal of Aeronautical Materials, 2018, 38(1): 54-59. DOI: 10. 11868/j. issn. 1005-5053. 2017. 000072.",Review_required,,Resolve DOI 10.11868/j.issn.1005-5053.2017.000072 and consult the article/supplement
ACTASRC_150,Acta_UTS461,Literature_Supplement,High_explicit_grade,MTL:2; UTS:2,10.1016/j.jmrt.2019.07.022,10.1016/j.jmrt.2019.07.022,Consistent_in_reference,"Tian S, Li J, Zhang J, et al. Effect of Zr and Sc on microstructure and properties of 7136 aluminum alloy. Journal of Materials Research and Technology, 2019, 8(5): 4130-4140. DOI: 10. 1016/j. jmrt. 2019. 07. 022.",Review_required,,Resolve DOI 10.1016/j.jmrt.2019.07.022 and consult the article/supplement
ACTASRC_151,Acta_UTS461,Literature_Supplement,High_explicit_grade,MTL:1; UTS:1,10.1023/A:1018676501368,10.1016/j.actamat.2024.119873,Corrected_against_reference,"Srivatsan, T. S., Sriram, S., Veeraraghavan, D.  et al.  Microstructure, tensile deformation and fracture behaviour of aluminium alloy 7055.  Journal of Materials Science 32, 2883–2894 (1997). https: //doi. org/10. 1023/A: 1018676501368",Review_required,,Resolve DOI 10.1023/A:1018676501368 and consult the article/supplement
ACTASRC_154,Acta_UTS461,Literature_Supplement,High_explicit_grade,MTL:1; UTS:1,10.1016/j.matdes.2017.06.054,10.1016/j.matdes.2017.06.054,Consistent_in_reference,"Shengdan, Liu, Qun, et al. Effect of quench-induced precipitation on microstructure and mechanical properties of 7085 aluminum alloy. Materials & Design, 2017, 132: 199-128. DOI: 10. 1016/j. matdes. 2017. 06. 054.",Review_required,,Resolve DOI 10.1016/j.matdes.2017.06.054 and consult the article/supplement
ACTASRC_156,Acta_UTS461,Literature_Supplement,High_explicit_grade,MTL:1; UTS:1,10.1016/j.vacuum.2019.01.013,10.1016/j.vacuum.2019.01.013,Consistent_in_reference,"Ren J, Wang R, Feng Y, et al. Microstructure evolution and mechanical properties of an ultrahigh strength Al-Zn-Mg-Cu-Zr-Sc (7055) alloy processed by modified powder hot extrusion with post aging. Vacuum, 2019, 161: 434-442. DOI: 10. 1016/j. vacuum. 2019. 01. 013.",Review_required,,Resolve DOI 10.1016/j.vacuum.2019.01.013 and consult the article/supplement
ACTASRC_161,Acta_UTS461,Literature_Supplement,High_explicit_grade,MTL:2; UTS:2,10.1007/BF02817276,10.1016/j.actamat.2024.119873,Corrected_against_reference,"Minakawa, K., Levan, G. & McEvily, A. J. The influence of load ratio on fatigue crack growth in 7090-t6 and in9021-t4 p/m aluminum alloys. Metall Trans A 17, 1787–1795 (1986). https: //doi. org/10. 1007/BF02817276",Review_required,,Resolve DOI 10.1007/BF02817276 and consult the article/supplement
ACTASRC_170,Acta_UTS461,Literature_Supplement,High_explicit_grade,MTL:1; UTS:1,10.1016/j.jallcom.2017.11.070,10.1016/j.jallcom.2017.11.070,Consistent_in_reference,"L. L, Liu, Q. L, et al. The effects of aging treatments on mechanical property and corrosion behavior of spray formed 7055 aluminium alloy. Journal of Alloys and Compounds, 2018, 735: 261-276. DOI: 10. 1016/j. jallcom. 2017. 11. 070.",Review_required,,Resolve DOI 10.1016/j.jallcom.2017.11.070 and consult the article/supplement
ACTASRC_173,Acta_UTS461,Literature_Supplement,High_explicit_grade,MTL:4; UTS:4,10.1007/s11661-002-0214-2,10.1016/j.actamat.2024.119873,Corrected_against_reference,"Kamp, N., Sinclair, I. & Starink, M. J. Toughness-strength relations in the overaged 7449 al-based alloy.  Metall Mater Trans A 33, 1125–1136 (2002). https: //doi. org/10. 1007/s11661-002-0214-2",Review_required,,Resolve DOI 10.1007/s11661-002-0214-2 and consult the article/supplement
ACTASRC_174,Acta_UTS461,Literature_Supplement,High_explicit_grade,MTL:2; UTS:2,10.1034/j.1600-0692.2001.300306.x,10.1034/j.1600-0692.2001.300306.x,Consistent_in_reference,"Ji-Gang, Yang, Bin-Lung, et al. Influence of microstructure on the mechanical properties and stress corrosion susceptibility of 7050 Al-alloy. Scandinavian Journal of Metallurgy, 2001, 30(3): 158-167. DOI: 10. 1034/j. 1600-0692. 2001. 300306. x.",Review_required,,Resolve DOI 10.1034/j.1600-0692.2001.300306.x and consult the article/supplement
ACTASRC_175,Acta_UTS461,Literature_Supplement,High_explicit_grade,MTL:2; UTS:2,10.1016/S1003-6326(14)63331-8,10.1016/S1003-6326(14)63331-8,Consistent_in_reference,"Hiroki TANAKA, Tadashi MINODA. 温轧细化亚晶7475铝合金板材的力学性能. 中国有色金属学报: 英文版, 2014, 024(007): 2187-2195. DOI: 10. 1016/S1003-6326(14)63331-8.",Review_required,,Resolve DOI 10.1016/S1003-6326(14)63331-8 and consult the article/supplement
ACTASRC_180,Acta_UTS461,Literature_Supplement,High_explicit_grade,MTL:1; UTS:1,10.4028/www.scientific.net/MSF.683.81,10.4028/www.scientific.net/MSF.683.81,Consistent_in_reference,"Das P, Jayaganthan R, Chowdhury T, et al. Improvement of Fracture Toughness (K1c) of 7075 Al Alloy by Cryorolling Process. Materials Science Forum, 2011, 683(2011): 81-94. DOI: 10. 4028/www. scientific. net/MSF. 683. 81.",Review_required,,Resolve DOI 10.4028/www.scientific.net/MSF.683.81 and consult the article/supplement
ACTASRC_183,Acta_UTS461,Literature_Supplement,High_explicit_grade,MTL:1; UTS:1,10.1016/S1003-6326(11)61138-2,10.1016/S1003-6326(11)61138-2,Consistent_in_reference,"Chen S Y, Chen K H, Peng G S, et al. Effect of quenching rate on microstructure and stress corrosion cracking of 7085 aluminum alloy. Transactions of Nonferrous Metals Society of China, 2012, 22(1): 47-52. DOI: 10. 1016/S1003-6326(11)61138-2.",Review_required,,Resolve DOI 10.1016/S1003-6326(11)61138-2 and consult the article/supplement
ACTASRC_184,Acta_UTS461,Literature_Supplement,High_explicit_grade,MTL:1; UTS:1,10.1016/0921-5093(91)90697-L,10.1016/0921-5093(91)90697-L,Consistent_in_reference,"Alarcon O E, Nazar A M M, Monteiro W A. The effect of microstructure on the mechanical behavior and fracture mechanism in a 7050-T76 aluminum alloy. Materials Science & Engineering A, 1991, 138(2): 275-285. DOI: 10. 1016/0921-5093(91)90697-L.",Review_required,,Resolve DOI 10.1016/0921-5093(91)90697-L and consult the article/supplement
ACTASRC_188,Acta_UTS461,Literature_Supplement,High_explicit_grade,MTL:1; UTS:1,10.1016/S1359-6454(96)00147-4,10.1016/S1359-6454(96)00147-4,Consistent_in_reference,"Ruiz J, Elices M. Effect of water vapour pressure and frequency on fatigue behaviour in 7017-T651 aluminium alloy plate. Acta Materialia, 1997, 45(1): 281-293. DOI: 10. 1016/S1359-6454(96)00147-4.",Review_required,,Resolve DOI 10.1016/S1359-6454(96)00147-4 and consult the article/supplement
ACTASRC_189,Acta_UTS461,Literature_Supplement,High_explicit_grade,MTL:2; UTS:2,10.1016/0025-5416(85)90426-4,10.1016/0025-5416(85)90426-4,Consistent_in_reference,"Lai M O, Ferguson W G. Fracture toughness of aluminium alloy 7075-T6 in the as-cast condition. Materials Science and Engineering, 1985, 74( 2): 133-138. DOI: 10. 1016/0025-5416(85)90426-4.",Review_required,,Resolve DOI 10.1016/0025-5416(85)90426-4 and consult the article/supplement
AGEDSRC_001,Aged可追溯194,Secondary_Literature,Medium_traceable_reference,EL:5; MTL:5; Matched:5; UTS:5; YS:5,,,Missing_DOI_manual_check,"Bo, L.I., Pan, Q.L., Chen, C.P. and Yin, Z.M., 2016. Effect of aging time on precipitation behavior, mechanical and corrosion properties of a novel Al-Zn-Mg-Sc-Zr alloy. Transactions of Nonferrous Metals Society of China, 26(9), pp.2263-2275.",Review_required,,Locate the source from Source_Reference; DOI/access terms require manual verification
AGEDSRC_002,Aged可追溯194,Secondary_Literature,Medium_traceable_reference,EL:3; MTL:3; Matched:2; UTS:3; YS:2,,,Missing_DOI_manual_check,"Brandes, E. and Brook, G., 1998. Smithells Light Metals Handbook. Oxford [England]: Butterworth-Heinemann.",Review_required,,Locate the source from Source_Reference; DOI/access terms require manual verification
AGEDSRC_003,Aged可追溯194,Secondary_Literature,Medium_traceable_reference,EL:1; MTL:1; Matched:1; UTS:1; YS:1,,,Missing_DOI_manual_check,"Chen, K.H., Fang, H.C., Zhang, Z., Chen, X. and Liu, G., 2008. Effect of Yb, Cr and Zr additions on recrystallization and corrosion resistance of Al–Zn–Mg–Cu alloys. Materials Science and Engineering: A, 497(1-2), pp.426-431.",Review_required,,Locate the source from Source_Reference; DOI/access terms require manual verification
AGEDSRC_004,Aged可追溯194,Secondary_Literature,Medium_traceable_reference,EL:1; MTL:1; Matched:1; UTS:1; YS:1,,,Missing_DOI_manual_check,"Das, P., Jayaganthan, R. and Singh, I.V., 2011. Tensile and impact-toughness behaviour of cryorolled Al 7075 alloy. Materials & Design, 32(3), pp.1298-1305.",Review_required,,Locate the source from Source_Reference; DOI/access terms require manual verification
AGEDSRC_005,Aged可追溯194,Secondary_Literature,Medium_traceable_reference,EL:6; MTL:8; Matched:6; UTS:8; YS:8,,,Missing_DOI_manual_check,"Davis, J., 1993. Aluminum And Aluminum Alloys. Materials Park, OH: ASM International.",Review_required,,Locate the source from Source_Reference; DOI/access terms require manual verification
AGEDSRC_006,Aged可追溯194,Secondary_Literature,Medium_traceable_reference,EL:15; MTL:16; Matched:13; UTS:16; YS:14,,,Missing_DOI_manual_check,"Deng, Y., Yin, Z., Duan, J., Zhao, K., Tang, B. and He, Z., 2012. Evolution of microstructure and properties in a new type 2 mm Al–Zn–Mg–Sc–Zr alloy sheet. Journal of alloys and compounds, 517, pp.118-126.",Review_required,,Locate the source from Source_Reference; DOI/access terms require manual verification
AGEDSRC_007,Aged可追溯194,Secondary_Literature,Medium_traceable_reference,EL:1; MTL:1; Matched:1; UTS:1; YS:1,,,Missing_DOI_manual_check,"Deng, Y., Yin, Z., Zhao, K., Duan, J. and He, Z., 2012. Effects of Sc and Zr microalloying additions on the microstructure and mechanical properties of new Al–Zn–Mg alloys. Journal of alloys and compounds, 530, pp.71-80.",Review_required,,Locate the source from Source_Reference; DOI/access terms require manual verification
AGEDSRC_008,Aged可追溯194,Secondary_Literature,Medium_traceable_reference,EL:4; MTL:5; Matched:3; UTS:4; YS:5,,,Missing_DOI_manual_check,"Deng, Y., Yin, Z., Zhao, K., Duan, J., Hu, J. and He, Z., 2012. Effects of Sc and Zr microalloying additions and aging time at 120° C on the corrosion behaviour of an Al–Zn–Mg alloy. Corrosion Science, 65, pp.288-298.",Review_required,,Locate the source from Source_Reference; DOI/access terms require manual verification
AGEDSRC_009,Aged可追溯194,Secondary_Literature,Medium_traceable_reference,EL:2; MTL:2; Matched:2; UTS:2; YS:2,,,Missing_DOI_manual_check,"Desmukh, M.N., Pandey, R.K. and Mukhopadhyay, A.K., 2005. Fatigue behavior of 7010 aluminum alloy containing scandium. Scripta materialia, 52(7), pp.645-650.",Review_required,,Locate the source from Source_Reference; DOI/access terms require manual verification
AGEDSRC_010,Aged可追溯194,Secondary_Literature,Medium_traceable_reference,EL:1; MTL:1; Matched:1; UTS:1; YS:1,,,Missing_DOI_manual_check,"Dong, J., Cui, J.Z., Le, Q.C. and Lu, G.M., 2003. Liquidus semi-continuous casting, reheating and thixoforming of a wrought aluminum alloy 7075. Materials Science and Engineering: A, 345(1-2), pp.234-242.",Review_required,,Locate the source from Source_Reference; DOI/access terms require manual verification
AGEDSRC_011,Aged可追溯194,Secondary_Literature,Medium_traceable_reference,EL:4; MTL:4; Matched:4; UTS:4; YS:4,,,Missing_DOI_manual_check,"Effect of ageing temperature on microstructure, mechanical property and corrosion behavior of aluminum alloy 7085",Review_required,,Locate the source from Source_Reference; DOI/access terms require manual verification
AGEDSRC_012,Aged可追溯194,Secondary_Literature,Medium_traceable_reference,EL:24; MTL:34; Matched:21; UTS:32; YS:32,,,Missing_DOI_manual_check,Effect of one-step aging on microstructure and properties of a novel Al-Zn-Mg-Cu-Zr alloy,Review_required,,Locate the source from Source_Reference; DOI/access terms require manual verification
AGEDSRC_013,Aged可追溯194,Secondary_Literature,Medium_traceable_reference,EL:6; MTL:6; Matched:6; UTS:6; YS:6,,,Missing_DOI_manual_check,Examining the effect of the aging state on strength and plasticity of wrought aluminum alloys,Review_required,,Locate the source from Source_Reference; DOI/access terms require manual verification
AGEDSRC_014,Aged可追溯194,Secondary_Literature,Medium_traceable_reference,EL:28; MTL:32; Matched:25; UTS:31; YS:30,,,Missing_DOI_manual_check,Investigation of precipitation behavior and related hardening in AA 7055 aluminum alloy,Review_required,,Locate the source from Source_Reference; DOI/access terms require manual verification
AGEDSRC_015,Aged可追溯194,Secondary_Literature,Medium_traceable_reference,EL:4; MTL:4; Matched:4; UTS:4; YS:4,,,Missing_DOI_manual_check,"Li, B., Pan, Q., Chen, C., Wu, H. and Yin, Z., 2016. Effects of solution treatment on microstructural and mechanical properties of Al–Zn–Mg alloy by microalloying with Sc and Zr. Journal of Alloys and Compounds, 664, pp.553-564.",Review_required,,Locate the source from Source_Reference; DOI/access terms require manual verification
AGEDSRC_016,Aged可追溯194,Secondary_Literature,Medium_traceable_reference,EL:9; MTL:9; Matched:9; UTS:9; YS:9,,,Missing_DOI_manual_check,"Li, B., Pan, Q., Huang, X. and Yin, Z., 2014. Microstructures and properties of Al–Zn–Mg–Mn alloy with trace amounts of Sc and Zr. Materials Science and Engineering: A, 616, pp.219-228.",Review_required,,Locate the source from Source_Reference; DOI/access terms require manual verification
AGEDSRC_017,Aged可追溯194,Secondary_Literature,Medium_traceable_reference,EL:13; MTL:13; Matched:12; UTS:12; YS:13,,,Missing_DOI_manual_check,"Li, G., Zhao, N., Liu, T., Li, J., He, C., Shi, C., Liu, E. and Sha, J., 2014. Effect of Sc/Zr ratio on the microstructure and mechanical properties of new type of Al–Zn–Mg–Sc–Zr alloys. Materials Science and Engineering: A, 617, pp.219-227.",Review_required,,Locate the source from Source_Reference; DOI/access terms require manual verification
AGEDSRC_018,Aged可追溯194,Secondary_Literature,Medium_traceable_reference,EL:2; MTL:3; UTS:3,,,Missing_DOI_manual_check,"Liao, Y. G., Han, X. Q., Zeng, M. X., & Jin, M. (2015). Influence of Cu on microstructure and tensile properties of 7XXX series aluminum alloy. Materials & Design, 66, 581-586.",Review_required,,Locate the source from Source_Reference; DOI/access terms require manual verification
AGEDSRC_019,Aged可追溯194,Secondary_Literature,Medium_traceable_reference,EL:6; MTL:7; Matched:6; UTS:7; YS:7,,,Missing_DOI_manual_check,"Liu, J., Yao, P., Zhao, N., Shi, C., Li, H., Li, X., Xi, D. and Yang, S., 2016. Effect of minor Sc and Zr on recrystallization behavior and mechanical properties of novel Al–Zn–Mg–Cu alloys. Journal of Alloys and Compounds, 657, pp.717-725.",Review_required,,Locate the source from Source_Reference; DOI/access terms require manual verification
AGEDSRC_020,Aged可追溯194,Secondary_Literature,Medium_traceable_reference,EL:4; MTL:4; Matched:3; UTS:3; YS:4,,,Missing_DOI_manual_check,"Microstructural, mechanical and electrochemical behaviour of a 7017 Al–Zn–Mg alloy of different tempers",Review_required,,Locate the source from Source_Reference; DOI/access terms require manual verification
AGEDSRC_021,Aged可追溯194,Secondary_Literature,Medium_traceable_reference,EL:2; MTL:2; Matched:1; UTS:2; YS:1,,,Missing_DOI_manual_check,"Panigrahi, S.K. and Jayaganthan, R., 2011. Effect of ageing on microstructure and mechanical properties of bulk, cryorolled, and room temperature rolled Al 7075 alloy. Journal of Alloys and Compounds, 509(40), pp.9609-9616.",Review_required,,Locate the source from Source_Reference; DOI/access terms require manual verification
AGEDSRC_022,Aged可追溯194,Secondary_Literature,Medium_traceable_reference,EL:1; MTL:1; Matched:1; UTS:1; YS:1,,,Missing_DOI_manual_check,"Peng, X., Li, Y., Xu, G., Huang, J. and Yin, Z., 2018. Effect of precipitate state on mechanical properties, corrosion behavior, and microstructures of Al–Zn–Mg–Cu alloy. Metals and Materials International, 24(5), pp.1046-1057.",Review_required,,Locate the source from Source_Reference; DOI/access terms require manual verification
AGEDSRC_023,Aged可追溯194,Secondary_Literature,Medium_traceable_reference,EL:1; MTL:1; Matched:1; UTS:1; YS:1,,,Missing_DOI_manual_check,"Rikhtegar, F. and Ketabchi, M., 2010. Investigation of mechanical properties of 7075 Al alloy formed by forward thixoextrusion process. Materials & Design, 31(8), pp.3943-3948.",Review_required,,Locate the source from Source_Reference; DOI/access terms require manual verification
AGEDSRC_024,Aged可追溯194,Secondary_Literature,Medium_traceable_reference,EL:1; MTL:1; Matched:1; UTS:1; YS:1,,,Missing_DOI_manual_check,"Shaeri, M.H., Salehi, M.T., Seyyedein, S.H., Abutalebi, M.R. and Park, J.K., 2014. Microstructure and mechanical properties of Al-7075 alloy processed by equal channel angular pressing combined with aging treatment. Materials & Design, 57, pp.250-257.",Review_required,,Locate the source from Source_Reference; DOI/access terms require manual verification
AGEDSRC_025,Aged可追溯194,Secondary_Literature,Medium_traceable_reference,EL:5; MTL:6; Matched:5; UTS:6; YS:6,,,Missing_DOI_manual_check,"Teng, G.B., Liu, C.Y., Ma, Z.Y., Zhou, W.B., Wei, L.L., Chen, Y., Li, J. and Mo, Y.F., 2018. Effects of minor Sc addition on the microstructure and mechanical properties of 7055 Al alloy during aging. Materials Science and Engineering: A, 713, pp.61-66.",Review_required,,Locate the source from Source_Reference; DOI/access terms require manual verification
AGEDSRC_026,Aged可追溯194,Secondary_Literature,Medium_traceable_reference,EL:16; MTL:16; Matched:16; UTS:16; YS:16,,,Missing_DOI_manual_check,"Thompson, D. S., Subramanya, B. S., & Levy, S. A. (1971). Quench rate effects in al-zn-mg-cu alloys. Metallurgical Transactions, 2(4), 1149-1160.",Review_required,,Locate the source from Source_Reference; DOI/access terms require manual verification
AGEDSRC_027,Aged可追溯194,Secondary_Literature,Medium_traceable_reference,EL:1; MTL:1; Matched:1; UTS:1; YS:1,,,Missing_DOI_manual_check,"Wei, B.C., Chen, C.Q., Huang, Z. and Zhang, Y.G., 2000. Aging behavior of Li containing Al–Zn–Mg–Cu alloys. Materials Science and Engineering: A, 280(1), pp.161-167.",Review_required,,Locate the source from Source_Reference; DOI/access terms require manual verification
AGEDSRC_028,Aged可追溯194,Secondary_Literature,Medium_traceable_reference,EL:2; MTL:2; Matched:2; UTS:2; YS:2,,,Missing_DOI_manual_check,"Wu, Y.L., Li, C., Froes, F.S. and Alvarez, A., 1999. Microalloying of Sc, Ni, and Ce in an advanced Al-Zn-Mg-Cu alloy. Metallurgical and materials Transactions A, 30(4), pp.1017-1024.",Review_required,,Locate the source from Source_Reference; DOI/access terms require manual verification
AGEDSRC_029,Aged可追溯194,Secondary_Literature,Medium_traceable_reference,EL:4; MTL:4; Matched:4; UTS:4; YS:4,,,Missing_DOI_manual_check,"You, C.P., Thompson, A.W. and Bernstein, I.M., 1995. Ductile fracture processes in 7075 aluminum. Metallurgical and Materials Transactions A, 26(2), pp.407-415.",Review_required,,Locate the source from Source_Reference; DOI/access terms require manual verification
AGEDSRC_030,Aged可追溯194,Secondary_Literature,Medium_traceable_reference,EL:1; MTL:1; Matched:1; UTS:1; YS:1,,,Missing_DOI_manual_check,"Zhao, Y.H., Liao, X.Z., Jin, Z., Valiev, R.Z. and Zhu, Y.T., 2004. Microstructures and mechanical properties of ultrafine grained 7075 Al alloy processed by ECAP and their evolutions during annealing. Acta Materialia, 52(15), pp.4589-4599.",Review_required,,Locate the source from Source_Reference; DOI/access terms require manual verification
HZ2024_THESIS,四篇论文12,Primary_Thesis_Experiment,High,EL:8; MTL:11; Matched:7; UTS:10; YS:10,,,Missing_DOI_manual_check,"何宗政. Zn/Mg比对7xxx系铝合金组织与性能的影响. 中南大学硕士学位论文, 2024.",Review_required,,Locate the source from Source_Reference; DOI/access terms require manual verification
SUPPSRC_001,补充文献260,Literature_Supplement,Curated_traceable,EL:2; MTL:2; UTS:2,,10.1016/j.commatsci.2025.114121,No_DOI_in_reference_manual_check,"Wen K, Xiong B Q, Zhang Y A, et al. Aging precipitation characteristics and tensile properties of Al–Zn–Mg–Cu alloys with different additional Zn contents[J]. Rare Metals, 2021, 40: 2160-2166.",Review_required,,Locate the source from Source_Reference; DOI/access terms require manual verification
SUPPSRC_002,补充文献260,Literature_Supplement,Curated_traceable,EL:1; MTL:1; UTS:1,,10.1016/j.commatsci.2025.114121,No_DOI_in_reference_manual_check,"Yoganjaneyulu G, Babu K A, Siva G V, et al. Microstructure and mechanical properties of Al–6 Zn–3 Mg–2 Cu–0.5 Sc alloy[J]. Materials Letters, 2019, 253: 18-21.",Review_required,,Locate the source from Source_Reference; DOI/access terms require manual verification
SUPPSRC_003,补充文献260,Literature_Supplement,Curated_traceable,EL:5; MTL:5; UTS:5,,10.1016/j.commatsci.2025.114121,No_DOI_in_reference_manual_check,"Dong P, Chen S, Chen K. Effects of Cu content on microstructure and properties of super-high-strength Al-9.3 Zn-2.4 Mg-xCu-Zr alloy[J]. Journal of Alloys and Compounds, 2019, 788: 329-337.",Review_required,,Locate the source from Source_Reference; DOI/access terms require manual verification
SUPPSRC_004,补充文献260,Literature_Supplement,Curated_traceable,EL:2; MTL:2; UTS:2,,10.1016/j.commatsci.2025.114121,No_DOI_in_reference_manual_check,"Peng G, Chen K, Fang H, et al. Effect of Cr and Yb additions on microstructure and properties of low copper Al–Zn–Mg–Cu–Zr alloy[J]. Materials & Design (1980-2015), 2012, 36: 279-283.",Review_required,,Locate the source from Source_Reference; DOI/access terms require manual verification
SUPPSRC_005,补充文献260,Literature_Supplement,Curated_traceable,EL:3; MTL:3; UTS:3,,10.1016/j.commatsci.2025.114121,No_DOI_in_reference_manual_check,"Yang L, Chen C, Yu F, et al. Coordinated deformation and high formability mechanisms of 7A36 aluminum alloy by Sc micro-alloying and low-frequency electromagnetic casting[J]. Journal of Materials Research and Technology, 2023, 24: 5186-5201.",Review_required,,Locate the source from Source_Reference; DOI/access terms require manual verification
SUPPSRC_006,补充文献260,Literature_Supplement,Curated_traceable,EL:1; MTL:1; UTS:1,,10.1016/j.commatsci.2025.114121,No_DOI_in_reference_manual_check,"Wei T, Chen R, Xu X, et al. Effect of Interrupted Aging–Retrogression Re-Aging Treatment on the Microstructure and Properties of Al-Zn-Mg-Cu Alloy[J]. Journal of Materials Engineering and Performance, 2023, 32(15): 6630-6641.",Review_required,,Locate the source from Source_Reference; DOI/access terms require manual verification
SUPPSRC_007,补充文献260,Literature_Supplement,Curated_traceable,EL:2; MTL:2; UTS:2,,10.1016/j.commatsci.2025.114121,No_DOI_in_reference_manual_check,"段志英, 张芊芊, 方舟, 等. 添加 Yb 对 Al-Zn-Mg-Cu-Zr-Cr 合金组织性能的影响[J]. 粉末冶金材料科学与工程, 2023, 28(5): 413-426.",Review_required,,Locate the source from Source_Reference; DOI/access terms require manual verification
SUPPSRC_008,补充文献260,Literature_Supplement,Curated_traceable,EL:2; MTL:2; UTS:2,,10.1016/j.commatsci.2025.114121,No_DOI_in_reference_manual_check,"Fang H C, Chao H, Chen K H. Effect of Zr, Er and Cr additions on microstructures and properties of Al–Zn–Mg–Cu alloys[J]. Materials Science and Engineering: A, 2014, 610: 10-16.",Review_required,,Locate the source from Source_Reference; DOI/access terms require manual verification
SUPPSRC_009,补充文献260,Literature_Supplement,Curated_traceable,EL:5; MTL:5; UTS:5,,10.1016/j.commatsci.2025.114121,No_DOI_in_reference_manual_check,"Wang Z, Pu Q, Li Y, et al. Microstructures and mechanical properties of Al–Zn–Mg–Cu alloy with the combined addition of Ti and Zr[J]. Journal of Materials Research and Technology, 2023, 22: 747-761.",Review_required,,Locate the source from Source_Reference; DOI/access terms require manual verification
SUPPSRC_010,补充文献260,Literature_Supplement,Curated_traceable,EL:4; MTL:4; UTS:4,,10.1016/j.commatsci.2025.114121,No_DOI_in_reference_manual_check,"Li J, Zhang Y, Li M, et al. Effect of combined addition of Zr, Ti and Y on microstructure and tensile properties of an Al-Zn-Mg-Cu alloy[J]. Materials & Design, 2022, 223: 111129.",Review_required,,Locate the source from Source_Reference; DOI/access terms require manual verification
SUPPSRC_012,补充文献260,Literature_Supplement,Curated_traceable,EL:1; MTL:1; UTS:1,,10.1016/j.commatsci.2025.114121,No_DOI_in_reference_manual_check,"Wang Y, Wu X, Lu Y U E, et al. Aging precipitation behavior and properties of Al–Zn–Mg–Cu–Zr–Er alloy at different quenching rates[J]. Transactions of Nonferrous Metals Society of China, 2022, 32(4): 1070-1082.",Review_required,,Locate the source from Source_Reference; DOI/access terms require manual verification
SUPPSRC_013,补充文献260,Literature_Supplement,Curated_traceable,EL:3; MTL:3; UTS:3,,10.1016/j.commatsci.2025.114121,No_DOI_in_reference_manual_check,"Chun F, Shou W, Liu H, et al. Microstructure and mechanical properties of high strength Al–Zn–Mg–Cu alloys used for oil drill pipes[J]. Transactions of Nonferrous Metals Society of China, 2015, 25(11): 3515-3522.",Review_required,,Locate the source from Source_Reference; DOI/access terms require manual verification
SUPPSRC_014,补充文献260,Literature_Supplement,Curated_traceable,EL:2; MTL:2; UTS:2,,10.1016/j.commatsci.2025.114121,No_DOI_in_reference_manual_check,"Wang G, Zhao Z, Zhang Y, et al. Effects of solution treatment on microstructure and mechanical properties of Al-9.0 Zn-2.8 Mg-2.5 Cu-0.12 Zr-0.03 Sc alloy[J]. Transactions of Nonferrous Metals Society of China, 2013, 23(9): 2537-2542.",Review_required,,Locate the source from Source_Reference; DOI/access terms require manual verification
SUPPSRC_015,补充文献260,Literature_Supplement,Curated_traceable,EL:2; MTL:2; UTS:2,,10.1016/j.commatsci.2025.114121,No_DOI_in_reference_manual_check,"Leng J, Ren B, Zhou Q, et al. Effect of Sc and Zr on recrystallization behavior of 7075 aluminum alloy[J]. Transactions of Nonferrous Metals Society of China, 2021, 31(9): 2545-2557.",Review_required,,Locate the source from Source_Reference; DOI/access terms require manual verification
SUPPSRC_016,补充文献260,Literature_Supplement,Curated_traceable,EL:2; MTL:2; UTS:2,,10.1016/j.commatsci.2025.114121,No_DOI_in_reference_manual_check,"何敏, 李豹, 高志华, 等. Sc 对 Al-Zn-Mg-Cu-Zr 合金挤压铸造组织性能的影响[J]. 特种铸造及有色合金, 2016, 36(6): 597-600.",Review_required,,Locate the source from Source_Reference; DOI/access terms require manual verification
SUPPSRC_017,补充文献260,Literature_Supplement,Curated_traceable,EL:2; MTL:2; UTS:2,,10.1016/j.commatsci.2025.114121,No_DOI_in_reference_manual_check,"Bao G, Xu X, Hua Y, et al. Microstructure and Mechanical Properties of Al-11.3 Zn-3.2 Mg-1.3 Cu-0.2 Zr-0.1 Sr-x Ti Extruded Aluminum Alloy with Different Aging Process[J]. Journal of Wuhan University of Technology-Mater. Sci. Ed., 2023, 38(5): 1161-1168.",Review_required,,Locate the source from Source_Reference; DOI/access terms require manual verification
SUPPSRC_018,补充文献260,Literature_Supplement,Curated_traceable,EL:2; MTL:2; UTS:2,,10.1016/j.commatsci.2025.114121,No_DOI_in_reference_manual_check,"林玉金, 夏鹏, 周楠, 等. Zr 与时效处理工艺对Al-Zn-Mg-Cu合金组织与性能的影响[J].铝加工,2022,(06):45-50.",Review_required,,Locate the source from Source_Reference; DOI/access terms require manual verification
SUPPSRC_019,补充文献260,Literature_Supplement,Curated_traceable,EL:2; MTL:2; UTS:2,,10.1016/j.commatsci.2025.114121,No_DOI_in_reference_manual_check,"Wang M, Huang L, Chen K, et al. Influence of minor combined addition of Cr and Pr on microstructure, mechanical properties and corrosion behaviors of an ultrahigh strength Al-Zn-Mg-Cu-Zr alloy[J]. Micron, 2018, 104: 80-88.",Review_required,,Locate the source from Source_Reference; DOI/access terms require manual verification
SUPPSRC_021,补充文献260,Literature_Supplement,Curated_traceable,EL:1; MTL:1; UTS:1,,10.1016/j.commatsci.2025.114121,No_DOI_in_reference_manual_check,"Wen K, Fan Y, Wang G, et al. Aging behavior and precipitate characterization of a high Zn-containing Al-Zn-Mg-Cu alloy with various tempers[J]. Materials & Design, 2016, 101: 16-23.",Review_required,,Locate the source from Source_Reference; DOI/access terms require manual verification
SUPPSRC_022,补充文献260,Literature_Supplement,Curated_traceable,EL:3; MTL:3; UTS:3,,10.1016/j.commatsci.2025.114121,No_DOI_in_reference_manual_check,"Chen Z, Mo Y, Nie Z. Effect of Zn content on the microstructure and properties of super-high strength Al-Zn-Mg-Cu alloys[J]. Metallurgical and Materials Transactions A, 2013, 44: 3910-3920.",Review_required,,Locate the source from Source_Reference; DOI/access terms require manual verification
SUPPSRC_023,补充文献260,Literature_Supplement,Curated_traceable,EL:4; MTL:4; UTS:4,,10.1016/j.commatsci.2025.114121,No_DOI_in_reference_manual_check,"戴晓元, 夏长清, 李杨勇, 等. 含钪 Al-Zn-Mg-Cu-Zr 合金组织性能的研究[J]. 中国稀土学报, 2006, 24(5): 599-604.",Review_required,,Locate the source from Source_Reference; DOI/access terms require manual verification
SUPPSRC_024,补充文献260,Literature_Supplement,Curated_traceable,EL:2; MTL:2; UTS:2,,10.1016/j.commatsci.2025.114121,No_DOI_in_reference_manual_check,"肖代红. Al-8.2 Zn-2.1 Mg-1.5 Cu (-0.1 Pr) 合金的显微组织与力学性能[J]. 特种铸造及有色合金, 2009, 29(2): 99-101.",Review_required,,Locate the source from Source_Reference; DOI/access terms require manual verification
SUPPSRC_025,补充文献260,Literature_Supplement,Curated_traceable,EL:1; MTL:1; UTS:1,,10.1016/j.commatsci.2025.114121,No_DOI_in_reference_manual_check,"薛杰, 王有为, 张志豪, 等. 挤压温度对 Al-Zn-Mg-Cu 合金动态再结晶, 时效组织和力学性能的影响[J]. 中国有色金属学报, 2017, 27(11): 2204-2211.",Review_required,,Locate the source from Source_Reference; DOI/access terms require manual verification
SUPPSRC_026,补充文献260,Literature_Supplement,Curated_traceable,EL:2; MTL:2; UTS:2,,10.1016/j.commatsci.2025.114121,No_DOI_in_reference_manual_check,"吴伟, 王玉, 车欣, 等. Ce 对 Al-Zn-Mg-Cu-Sc 合金组织和力学性能的影响[J]. 沈阳工业大学学报, 2018, 40(1): 25-29.",Review_required,,Locate the source from Source_Reference; DOI/access terms require manual verification
SUPPSRC_027,补充文献260,Literature_Supplement,Curated_traceable,EL:4; MTL:4; UTS:4,,10.1016/j.commatsci.2025.114121,No_DOI_in_reference_manual_check,"方华婵, 朱佳敏, 陈卓, 等. 复合添加 Yb, Zr, Ti 对超高强 Al-Zn-Mg-Cu 合金组织和力学性能的影响[J]. 粉末冶金材料科学与工程, 2019, 24(2): 176-187.",Review_required,,Locate the source from Source_Reference; DOI/access terms require manual verification
SUPPSRC_028,补充文献260,Literature_Supplement,Curated_traceable,EL:1; MTL:1; UTS:1,,10.1016/j.commatsci.2025.114121,No_DOI_in_reference_manual_check,"杨守杰, 邢清源, 于海军, 等. 一种新型高锌 Al-Zn-Mg-Cu 合金的热处理工艺[J]. 材料工程, 2016, 44(12): 41-47.",Review_required,,Locate the source from Source_Reference; DOI/access terms require manual verification
SUPPSRC_029,补充文献260,Literature_Supplement,Curated_traceable,EL:1; MTL:1; UTS:1,,10.1016/j.commatsci.2025.114121,No_DOI_in_reference_manual_check,"聂祯一, 艾云龙, 何文, 等. 热处理对 Al-Zn-Mg-Cu 合金组织和性能的影响[J].南昌航空大学学报(自然科学版),2016,30(04):32-37.",Review_required,,Locate the source from Source_Reference; DOI/access terms require manual verification
SUPPSRC_030,补充文献260,Literature_Supplement,Curated_traceable,EL:2; MTL:2; UTS:2,,10.1016/j.commatsci.2025.114121,No_DOI_in_reference_manual_check,"孔晓华, 陈康华, 董朋轩, 等. 固溶处理对 Al-8.54 Zn-2.41 Mg-xCu 铝合金组织与性能的影响[J]. 粉末冶金材料科学与工程, 2014, 19(3): 373-379.",Review_required,,Locate the source from Source_Reference; DOI/access terms require manual verification
SUPPSRC_031,补充文献260,Literature_Supplement,Curated_traceable,EL:1; MTL:1; UTS:1,,10.1016/j.commatsci.2025.114121,No_DOI_in_reference_manual_check,"Xiao Q, Huang J, Jiang Y, et al. Effects of minor Sc and Zr additions on mechanical properties and microstructure evolution of Al− Zn− Mg− Cu alloys[J]. Transactions of Nonferrous Metals Society of China, 2020, 30(6): 1429-1438.",Review_required,,Locate the source from Source_Reference; DOI/access terms require manual verification
SUPPSRC_032,补充文献260,Literature_Supplement,Curated_traceable,EL:1; MTL:1; UTS:1,,10.1016/j.commatsci.2025.114121,No_DOI_in_reference_manual_check,"Fu Y, Li X, Wen K, et al. Effect of heat treatment on microstructures and properties of a novel Al-Zn-Mg-Cu alloy for oil drilling[J]. Progress in Natural Science: Materials International, 2019, 29(2): 217-223.",Review_required,,Locate the source from Source_Reference; DOI/access terms require manual verification
SUPPSRC_033,补充文献260,Literature_Supplement,Curated_traceable,EL:3; MTL:3; UTS:3,,10.1016/j.commatsci.2025.114121,No_DOI_in_reference_manual_check,"李东锋, 张新明, 刘胜胆, 等. 锌镁含量对 Al-Zn-Mg-Cu 高强铝合金组织和性能的影响[J]. 材料热处理学报, 2016, 37(3): 101-106.",Review_required,,Locate the source from Source_Reference; DOI/access terms require manual verification
SUPPSRC_034,补充文献260,Literature_Supplement,Curated_traceable,EL:4; MTL:4; UTS:4,,10.1016/j.commatsci.2025.114121,No_DOI_in_reference_manual_check,"Wu X, Xiao D, Zhu Z, et al. Effects of Cu/Mg ratio on microstructure and properties of AA7085 alloys[J]. Transactions of Nonferrous Metals Society of China, 2014, 24(7): 2054-2060.",Review_required,,Locate the source from Source_Reference; DOI/access terms require manual verification
SUPPSRC_035,补充文献260,Literature_Supplement,Curated_traceable,EL:2; MTL:2; UTS:2,,10.1016/j.commatsci.2025.114121,No_DOI_in_reference_manual_check,"Lin R, Liu B, Zhang J, et al. Microstructure evolution and properties of 7075 aluminum alloy recycled from scrap aircraft aluminum alloys[J]. Journal of Materials Research and Technology, 2022, 19: 354-367.",Review_required,,Locate the source from Source_Reference; DOI/access terms require manual verification
SUPPSRC_036,补充文献260,Literature_Supplement,Curated_traceable,EL:1; MTL:2; UTS:2,,10.1016/j.commatsci.2025.114121,No_DOI_in_reference_manual_check,"Fang H C, Chao H, Chen K H. Effect of recrystallization on intergranular fracture and corrosion of Al–Zn–Mg–Cu–Zr alloy[J]. Journal of Alloys and Compounds, 2015, 622: 166-173.",Review_required,,Locate the source from Source_Reference; DOI/access terms require manual verification
SUPPSRC_037,补充文献260,Literature_Supplement,Curated_traceable,EL:1; MTL:1; UTS:1,,10.1016/j.commatsci.2025.114121,No_DOI_in_reference_manual_check,"Zhang M, Liu T, He C, et al. Evolution of microstructure and properties of Al–Zn–Mg–Cu–Sc–Zr alloy during aging treatment[J]. Journal of Alloys and Compounds, 2016, 658: 946-951.",Review_required,,Locate the source from Source_Reference; DOI/access terms require manual verification
SUPPSRC_038,补充文献260,Literature_Supplement,Curated_traceable,EL:1; MTL:1; UTS:1,,10.1016/j.commatsci.2025.114121,No_DOI_in_reference_manual_check,"张香丽, 许晓静, 凌智勇, 等. 含锆锶 Al-Zn-Mg-Cu 系高强铝合金热处理工艺的优化[J]. 稀有金属, 2016, 40(9): 864-871.",Review_required,,Locate the source from Source_Reference; DOI/access terms require manual verification
SUPPSRC_039,补充文献260,Literature_Supplement,Curated_traceable,EL:2; MTL:2; UTS:2,,10.1016/j.commatsci.2025.114121,No_DOI_in_reference_manual_check,"张茁, 陈康华, 方华婵. 微量 Cr 和 Nb 对 Al-Zn-Mg-Cu-Zr 合金力学性能和应力腐蚀性能的影响[J]. 中国有色金属学报, 2008, 18(6): 985-990.",Review_required,,Locate the source from Source_Reference; DOI/access terms require manual verification
SUPPSRC_040,补充文献260,Literature_Supplement,Curated_traceable,EL:2; MTL:2; UTS:2,,10.1016/j.commatsci.2025.114121,No_DOI_in_reference_manual_check,"孙立明, 于化顺, 闵光辉, 等. Zr 对 Al-Zn-Mg-Cu 合金组织和性能的影响[J]. 特种铸造及有色合金, 2007, 27(5): 380-381.",Review_required,,Locate the source from Source_Reference; DOI/access terms require manual verification
SUPPSRC_041,补充文献260,Literature_Supplement,Curated_traceable,EL:2; MTL:2; UTS:2,,10.1016/j.commatsci.2025.114121,No_DOI_in_reference_manual_check,"刘黄, 罗兵辉, 柏振海. Sc, Zr 对 Al-Zn-Mg-Cu 合金组织与性能的影响[J]. 轻合金加工技术, 2006, 34(2): 43-47.",Review_required,,Locate the source from Source_Reference; DOI/access terms require manual verification
SUPPSRC_042,补充文献260,Literature_Supplement,Curated_traceable,EL:1; MTL:1; UTS:1,,10.1016/j.commatsci.2025.114121,No_DOI_in_reference_manual_check,"李锡武, 熊柏青, 张永安, 等. 时效对新型 Al-Zn-Mg-Cu 合金力学及应力腐蚀性能的影响[J]. 稀有金属, 2010 (4): 503-508.",Review_required,,Locate the source from Source_Reference; DOI/access terms require manual verification
SUPPSRC_043,补充文献260,Literature_Supplement,Curated_traceable,EL:2; MTL:2; UTS:2,,10.1016/j.commatsci.2025.114121,No_DOI_in_reference_manual_check,"兰滢. Al-Zn-Mg-Cu-Zr-Sc 合金的时效析出行为及力学性能[D]. 沈阳工业大学, 2015.",Review_required,,Locate the source from Source_Reference; DOI/access terms require manual verification
SUPPSRC_044,补充文献260,Literature_Supplement,Curated_traceable,EL:5; MTL:5; UTS:5,,10.1016/j.commatsci.2025.114121,No_DOI_in_reference_manual_check,"王雷. Al-9.0Zn-1.5Mg-XCu 合金微结构、力学性能及淬火敏感性研究[D]. 中南大学, 2013.",Review_required,,Locate the source from Source_Reference; DOI/access terms require manual verification
SUPPSRC_045,补充文献260,Literature_Supplement,Curated_traceable,EL:3; MTL:3; UTS:3,,10.1016/j.commatsci.2025.114121,No_DOI_in_reference_manual_check,"王晨. Sc 对 Al-Zn-Mg-Cu-Zr 合金组织结构及力学性能的影响[D]. 沈阳工业大学, 2013.",Review_required,,Locate the source from Source_Reference; DOI/access terms require manual verification
SUPPSRC_046,补充文献260,Literature_Supplement,Curated_traceable,EL:12; MTL:12; UTS:12,,10.1016/j.commatsci.2025.114121,No_DOI_in_reference_manual_check,"赵志浩, 王高松, 张翼航, 等. Sc 与 Zr 对 Al-Zn-Mg-Cu 铝合金组织及力学性能的影响[J]. 东北大学学报 (自然科学版), 2011, 32(11): 1574.",Review_required,,Locate the source from Source_Reference; DOI/access terms require manual verification
SUPPSRC_047,补充文献260,Literature_Supplement,Curated_traceable,EL:2; MTL:2; UTS:2,,10.1016/j.commatsci.2025.114121,No_DOI_in_reference_manual_check,"樊喜刚, 蒋大鸣, 单长智, 等. Cu 含量对 Al-Zn-Mg-Cu 合金的组织性能和断裂行为的影响[J]. 轻合金加工技术, 2006, 34(2): 31-35.",Review_required,,Locate the source from Source_Reference; DOI/access terms require manual verification
SUPPSRC_048,补充文献260,Literature_Supplement,Curated_traceable,EL:1; MTL:1; UTS:1,,10.1016/j.commatsci.2025.114121,No_DOI_in_reference_manual_check,"张茁, 陈康华, 方华婵. 微量 Yb 对 Al-Zn-Mg-Cu-Zr 合金力学性能和断裂韧性的影响[J]. 粉末冶金材料科学与工程, 2008, 13(3): 145-149.",Review_required,,Locate the source from Source_Reference; DOI/access terms require manual verification
SUPPSRC_049,补充文献260,Literature_Supplement,Curated_traceable,EL:2; MTL:2; UTS:2,,10.1016/j.commatsci.2025.114121,No_DOI_in_reference_manual_check,"周娟, 肖于德, 马瑞. Zr 对铸造高强铝合金组织和性能的影响[J]. 铸造, 2009, 58(3): 266-269.",Review_required,,Locate the source from Source_Reference; DOI/access terms require manual verification
SUPPSRC_050,补充文献260,Literature_Supplement,Curated_traceable,EL:3; MTL:3; UTS:3,,10.1016/j.commatsci.2025.114121,No_DOI_in_reference_manual_check,"陈康华, 方华婵, 陈祥. 复合添加 Zr, Cr 和 Pr 对 Al-Zn-Mg-Cu 合金组织和性能的影响[J]. 中国有色金属学报, 2010, 20(2): 195-201.",Review_required,,Locate the source from Source_Reference; DOI/access terms require manual verification
SUPPSRC_051,补充文献260,Literature_Supplement,Curated_traceable,EL:2; MTL:2; UTS:2,,10.1016/j.commatsci.2025.114121,No_DOI_in_reference_manual_check,"Li L, Tang J, Liu Z, et al. Micro-alloying effects of Ni on the microstructure and mechanical properties of an Al-Zn-Mg-Cu-Sc-Zr alloy[J]. Journal of Alloys and Compounds, 2023, 947: 169667.",Review_required,,Locate the source from Source_Reference; DOI/access terms require manual verification
SUPPSRC_052,补充文献260,Literature_Supplement,Curated_traceable,EL:3; MTL:3; UTS:3,,10.1016/j.commatsci.2025.114121,No_DOI_in_reference_manual_check,"Sun Y, Luo Y, Pan Q, et al. Effect of Sc content on microstructure and properties of Al-Zn-Mg-Cu-Zr alloy[J]. Materials Today Communications, 2021, 26: 101899.",Review_required,,Locate the source from Source_Reference; DOI/access terms require manual verification
SUPPSRC_053,补充文献260,Literature_Supplement,Curated_traceable,EL:2; MTL:2; UTS:2,,10.1016/j.commatsci.2025.114121,No_DOI_in_reference_manual_check,"Lee S H, Jung J G, Baik S I, et al. Effects of Ti addition on the microstructure and mechanical properties of Al–Zn–Mg–Cu–Zr alloy[J]. Materials Science and Engineering: A, 2021, 801: 140437.",Review_required,,Locate the source from Source_Reference; DOI/access terms require manual verification
SUPPSRC_054,补充文献260,Literature_Supplement,Curated_traceable,EL:2; MTL:2; UTS:2,,10.1016/j.commatsci.2025.114121,No_DOI_in_reference_manual_check,"Lervik A, C. Walmsley J, Lodgaard L, et al. Stress corrosion cracking in an extruded Cu-free Al-Zn-Mg Alloy[J]. Metals, 2020, 10(9): 1194.",Review_required,,Locate the source from Source_Reference; DOI/access terms require manual verification
SUPPSRC_055,补充文献260,Literature_Supplement,Curated_traceable,EL:2; MTL:2; UTS:2,,10.1016/j.commatsci.2025.114121,No_DOI_in_reference_manual_check,"Ebrahimi S H S, Emamy M, Pourkia N, et al. The microstructure, hardness and tensile properties of a new super high strength aluminum alloy with Zr addition[J]. Materials & Design, 2010, 31(9): 4450-4456.",Review_required,,Locate the source from Source_Reference; DOI/access terms require manual verification
SUPPSRC_056,补充文献260,Literature_Supplement,Curated_traceable,EL:2; MTL:2; UTS:2,,10.1016/j.commatsci.2025.114121,No_DOI_in_reference_manual_check,"Kanghua C, Hongwei L, Zhuo Z, et al. The improvement of constituent dissolution and mechanical properties of 7055 aluminum alloy by stepped heat treatments[J]. Journal of Materials Processing Technology, 2003, 142(1): 190-196.",Review_required,,Locate the source from Source_Reference; DOI/access terms require manual verification
SUPPSRC_057,补充文献260,Literature_Supplement,Curated_traceable,EL:2; MTL:2; UTS:2,,10.1016/j.commatsci.2025.114121,No_DOI_in_reference_manual_check,"Tian S, Li J, Zhang J, et al. Effect of Zr and Sc on microstructure and properties of 7136 aluminum alloy[J]. Journal of Materials Research and Technology, 2019, 8(5): 4130-4140.",Review_required,,Locate the source from Source_Reference; DOI/access terms require manual verification
SUPPSRC_058,补充文献260,Literature_Supplement,Curated_traceable,EL:2; MTL:2; UTS:2,,10.1016/j.commatsci.2025.114121,No_DOI_in_reference_manual_check,"Chen K H, Fang H C, Zhang Z, et al. Effect of of Yb, Cr and Zr additions on recrystallization and corrosion resistance of Al–Zn–Mg–Cu alloys[J]. Materials Science and Engineering: A, 2008, 497(1-2): 426-431.",Review_required,,Locate the source from Source_Reference; DOI/access terms require manual verification
SUPPSRC_059,补充文献260,Literature_Supplement,Curated_traceable,EL:4; MTL:4; UTS:4,,10.1016/j.commatsci.2025.114121,No_DOI_in_reference_manual_check,"Li C, Zhou Q, Han M, et al. Effect of rare earth element Er on the microstructure and properties of highly alloyed Al-Zn-Mg-Cu-Zr-Ti alloy[J]. Journal of Alloys and Compounds, 2023, 956: 170248.",Review_required,,Locate the source from Source_Reference; DOI/access terms require manual verification
SUPPSRC_060,补充文献260,Literature_Supplement,Curated_traceable,EL:2; MTL:2; UTS:2,,10.1016/j.commatsci.2025.114121,No_DOI_in_reference_manual_check,"Li C, Xu X, Chen H, et al. Effect of Zn/Mg Ratio on Microstructure and Properties of Cold Extruded Al-x Zn-2.4 Mg-0.84 Cu-0.2 Zr-0.25 Ti Aluminum Alloy[J]. Journal of Materials Engineering and Performance, 2020, 29: 5787-5795.",Review_required,,Locate the source from Source_Reference; DOI/access terms require manual verification
SUPPSRC_061,补充文献260,Literature_Supplement,Curated_traceable,EL:2; MTL:2; UTS:2,,10.1016/j.commatsci.2025.114121,No_DOI_in_reference_manual_check,"Sun Q, Xu C, Yu S, et al. Effect of isothermal multidirectional compression on microstructure and mechanical properties of Al–Zn–Mg–Cu–Zr alloy with minor Sc addition[J]. Materials Chemistry and Physics, 2024, 313: 128769.",Review_required,,Locate the source from Source_Reference; DOI/access terms require manual verification
SUPPSRC_062,补充文献260,Literature_Supplement,Curated_traceable,EL:3; MTL:3; UTS:3,,10.1016/j.commatsci.2025.114121,No_DOI_in_reference_manual_check,"许永祥. 稀土Yb微合金化超高强铝合金的组织和性能研究 [D]. 中南大学, 2022.",Review_required,,Locate the source from Source_Reference; DOI/access terms require manual verification
SUPPSRC_063,补充文献260,Literature_Supplement,Curated_traceable,EL:3; MTL:3; UTS:3,,10.1016/j.commatsci.2025.114121,No_DOI_in_reference_manual_check,"张伟. 微量 Sc, Zr 对高合金化 Al-Zn-Mg-Cu 合金组织和性能的影响[D]. 重庆大学, 2014.",Review_required,,Locate the source from Source_Reference; DOI/access terms require manual verification
SUPPSRC_064,补充文献260,Literature_Supplement,Curated_traceable,EL:12; MTL:12; UTS:12,,10.1016/j.commatsci.2025.114121,No_DOI_in_reference_manual_check,"孔晓华. 主合金成分对 Al-Zn-Mg-Cu 系超强铝合金组织与性能的影响[D]. 中南大学, 2014.",Review_required,,Locate the source from Source_Reference; DOI/access terms require manual verification
SUPPSRC_065,补充文献260,Literature_Supplement,Curated_traceable,EL:1; MTL:1; UTS:1,,10.1016/j.commatsci.2025.114121,No_DOI_in_reference_manual_check,"涂强. 挤压铸造 Al-Zn-Mg-Cu-Sc-Zr 合金热处理工艺与组织性能研究[D]. 北京有色金属研究总院, 2011.",Review_required,,Locate the source from Source_Reference; DOI/access terms require manual verification
SUPPSRC_066,补充文献260,Literature_Supplement,Curated_traceable,EL:2; MTL:2; UTS:2,,10.1016/j.commatsci.2025.114121,No_DOI_in_reference_manual_check,"刘立博. 稀土 Y 对挤压态 7075 铝合金微观组织及力学性能的影响[D]. 兰州理工大学, 2021.",Review_required,,Locate the source from Source_Reference; DOI/access terms require manual verification
SUPPSRC_067,补充文献260,Literature_Supplement,Curated_traceable,EL:4; MTL:4; UTS:4,,10.1016/j.commatsci.2025.114121,No_DOI_in_reference_manual_check,"郑晓静, 王明星, 郭巧能, 等. Sc 对 7050 铝合金力学性能和再结晶行为的影响[J]. 特种铸造及有色合金, 2016, 36(8): 876-880.",Review_required,,Locate the source from Source_Reference; DOI/access terms require manual verification
SUPPSRC_068,补充文献260,Literature_Supplement,Curated_traceable,EL:1; MTL:1; UTS:1,,10.1016/j.commatsci.2025.114121,No_DOI_in_reference_manual_check,"张新, 陈利华, 王长顺, 等. 热挤压对 7055 铝合金力学性能及组织的影响[J]. 特种铸造及有色合金, 2009, 29(12): 1099-1101.",Review_required,,Locate the source from Source_Reference; DOI/access terms require manual verification
SUPPSRC_069,补充文献260,Literature_Supplement,Curated_traceable,EL:3; MTL:3; UTS:3,,10.1016/j.commatsci.2025.114121,No_DOI_in_reference_manual_check,"徐雪芳, 王春华. 钪含量对 7050 铝合金组织与力学性能的影响[J]. 金属热处理, 2018, 43(9): 6-9.",Review_required,,Locate the source from Source_Reference; DOI/access terms require manual verification
SUPPSRC_070,补充文献260,Literature_Supplement,Curated_traceable,EL:4; MTL:4; UTS:4,,10.1016/j.commatsci.2025.114121,No_DOI_in_reference_manual_check,"黎彦希, 陈康华, 黄兰萍, 等. 铜含量对 Al-Zn-Mg-Cu-Zr-Cr-Yb 超强铝合金组织与性能的影响[J]. 粉末冶金材料科学与工程, 2014, 19(5): 727-735.",Review_required,,Locate the source from Source_Reference; DOI/access terms require manual verification
SUPPSRC_071,补充文献260,Literature_Supplement,Curated_traceable,EL:4; MTL:4; UTS:4,,10.1016/j.commatsci.2025.114121,No_DOI_in_reference_manual_check,"Chiu Y C, Du K T, Bor H Y, et al. The effects of Cu, Zn and Zr on the solution temperature and quenching sensitivity of Al–Zn–Mg–Cu alloys[J]. Materials Chemistry and Physics, 2020, 247: 122853.",Review_required,,Locate the source from Source_Reference; DOI/access terms require manual verification
SUPPSRC_072,补充文献260,Literature_Supplement,Curated_traceable,EL:4; MTL:4; UTS:4,,10.1016/j.commatsci.2025.114121,No_DOI_in_reference_manual_check,"温凯. Zn/Mg 比对高 Zn 含量 Al-Zn-Mg-Cu 合金组织与性能的影响研究[D]. 北京有色金属研究总院, 2017.",Review_required,,Locate the source from Source_Reference; DOI/access terms require manual verification
SUPPSRC_073,补充文献260,Literature_Supplement,Curated_traceable,EL:2; MTL:2; UTS:2,,10.1016/j.commatsci.2025.114121,No_DOI_in_reference_manual_check,"冯春, 刘志义, 宁爱林. 低温时效及微量 Ag 对超高强度 Al-Zn-Mg-Cu[J]. 金属热处理, 2006, 31(3): 17-21.",Review_required,,Locate the source from Source_Reference; DOI/access terms require manual verification
SUPPSRC_074,补充文献260,Literature_Supplement,Curated_traceable,EL:2; MTL:2; UTS:1,,10.1016/j.commatsci.2025.114121,No_DOI_in_reference_manual_check,"戴晓元. 含钪 Al-Zn-Mg-Cu-Zr 超高强铝合金组织与性能的研究[D]. 中南大学, 2008.",Review_required,,Locate the source from Source_Reference; DOI/access terms require manual verification
SUPPSRC_075,补充文献260,Literature_Supplement,Curated_traceable,EL:2; MTL:2; UTS:2,,10.1016/j.commatsci.2025.114121,No_DOI_in_reference_manual_check,"方华婵, 巢宏, 陈康华, 等. Zr, Yb, Cr 对 Al-Zn-Mg-Cu 合金组织, 断裂和局部腐蚀行为的影响[J]. 稀有金属, 2015, 39(8): 686-695.",Review_required,,Locate the source from Source_Reference; DOI/access terms require manual verification
SUPPSRC_076,补充文献260,Literature_Supplement,Curated_traceable,EL:3; MTL:3; UTS:3,,10.1016/j.commatsci.2025.114121,No_DOI_in_reference_manual_check,"黎彦希, 陈康华, 陈送义, 等. 添加 Cr 和 Yb 对 Al-Zn-Mg-xCu-Zr 超强铝合金组织与性能的影响[J]. 中南大学学报: 自然科学版, 2015, 46(12): 4422-4433.",Review_required,,Locate the source from Source_Reference; DOI/access terms require manual verification
SUPPSRC_077,补充文献260,Literature_Supplement,Curated_traceable,EL:4; MTL:4; UTS:4,,10.1016/j.commatsci.2025.114121,No_DOI_in_reference_manual_check,"Fang H C, Luo F H, Chen K H. Effect of intermetallic phases and recrystallization on the corrosion and fracture behavior of an Al-Zn-Mg-Cu-Zr-Yb-Cr alloy[J]. Materials Science and Engineering: A, 2017, 684: 480-490.",Review_required,,Locate the source from Source_Reference; DOI/access terms require manual verification
SUPPSRC_078,补充文献260,Literature_Supplement,Curated_traceable,EL:4; MTL:4; UTS:4,,10.1016/j.commatsci.2025.114121,No_DOI_in_reference_manual_check,"Zhai F, Fan R, Feng Y, et al. Effect of samarium modification on the microstructures evolution and mechanical properties of high strength aluminum alloy[J]. Materials Characterization, 2022, 194: 112349.",Review_required,,Locate the source from Source_Reference; DOI/access terms require manual verification
SUPPSRC_079,补充文献260,Literature_Supplement,Curated_traceable,EL:3; MTL:3; UTS:3,,10.1016/j.commatsci.2025.114121,No_DOI_in_reference_manual_check,"周泽宇, 陈康华, 许杰, 等. 微量 Si 和 Fe 对 Al-Zn-Mg-Cu-Zr-Cr-Ti 合金组织与性能的影响[J]. 中南大学学报: 自然科学版, 2017, 48(12): 3177-3186.",Review_required,,Locate the source from Source_Reference; DOI/access terms require manual verification
SUPPSRC_080,补充文献260,Literature_Supplement,Curated_traceable,EL:3; MTL:3; UTS:3,,10.1016/j.commatsci.2025.114121,No_DOI_in_reference_manual_check,"许杰, 陈康华, 陈送义, 等. 微量 Ti, Cr 对 Al-Zn-Mg-Cu-Zr 合金组织与性能的影响[J]. 粉末冶金材料科学与工程, 2016, 21(1): 50-58.",Review_required,,Locate the source from Source_Reference; DOI/access terms require manual verification
SUPPSRC_081,补充文献260,Literature_Supplement,Curated_traceable,EL:1; MTL:2; UTS:2,,10.1016/j.commatsci.2025.114121,No_DOI_in_reference_manual_check,"方华婵, 陈康华, 张茁, 等. Cr, Yb 合金化对 Al-Zn-Mg-Cu-Zr 合金组织和断裂特征的影响[J]. 稀有金属材料与工程, 2009, 38(11): 1960-1964.",Review_required,,Locate the source from Source_Reference; DOI/access terms require manual verification
SUPPSRC_082,补充文献260,Literature_Supplement,Curated_traceable,EL:2; MTL:2; UTS:2,,10.1016/j.commatsci.2025.114121,No_DOI_in_reference_manual_check,"戴晓元, 夏长清, 吴安如, 等. 微量钪对 Al-9.0Zn-2.5Mg-1.2Cu-0.15Zr 合金组织性能的影响[J].矿冶工程,2005,(05):75-78.",Review_required,,Locate the source from Source_Reference; DOI/access terms require manual verification
SUPPSRC_083,补充文献260,Literature_Supplement,Curated_traceable,EL:2; MTL:2; UTS:1,,10.1016/j.commatsci.2025.114121,No_DOI_in_reference_manual_check,"方华婵, 刘滩, 朱佳敏, 等. 微量镱和过渡元素对 Al-Zn-Mg-Cu 超强合金晶界特征和性能的影响[J]. 中国有色金属学报, 2019, 29(7): 1348-1359.",Review_required,,Locate the source from Source_Reference; DOI/access terms require manual verification
SUPPSRC_084,补充文献260,Literature_Supplement,Curated_traceable,EL:2; MTL:2; UTS:2,,10.1016/j.commatsci.2025.114121,No_DOI_in_reference_manual_check,"Fang H C, Chen K H, Chen X, et al. Effect of Zr, Cr and Pr additions on microstructures and properties of ultra-high strength Al–Zn–Mg–Cu alloys[J]. Materials Science and Engineering: A, 2011, 528(25-26): 7606-7615.",Review_required,,Locate the source from Source_Reference; DOI/access terms require manual verification
SUPPSRC_085,补充文献260,Literature_Supplement,Curated_traceable,EL:1; MTL:1; UTS:1,,10.1016/j.commatsci.2025.114121,No_DOI_in_reference_manual_check,"方华婵, 陈学海, 陈康华. 微量 Er 和 Cr 对超高强 Al-Zn-Mg-Cu-Zr 合金再结晶行为和性能的影响[J]. 粉末冶金材料科学与工程, 2015, 20(5): 690-699.",Review_required,,Locate the source from Source_Reference; DOI/access terms require manual verification
SUPPSRC_086,补充文献260,Literature_Supplement,Curated_traceable,EL:2; MTL:2; UTS:2,,10.1016/j.commatsci.2025.114121,No_DOI_in_reference_manual_check,"吴安如, 戴晓元, 夏长清. 微量银对 Al-Zn-Mg-Cu 系合金微观组织和力学性能的影响[J]. 机械工程材料, 2005, 29(12): 42-45.",Review_required,,Locate the source from Source_Reference; DOI/access terms require manual verification
SUPPSRC_087,补充文献260,Literature_Supplement,Curated_traceable,EL:1; MTL:1; UTS:1,,10.1016/j.commatsci.2025.114121,No_DOI_in_reference_manual_check,"方华婵, 巢宏, 张茁, 等. 复合添加 Zr, Ti 和 Cr 对 Al-Zn-Mg-Cu 超强合金组织与性能的影响[J]. 中南大学学报: 自然科学版, 2016, 47(2): 420-429.",Review_required,,Locate the source from Source_Reference; DOI/access terms require manual verification
SUPPSRC_088,补充文献260,Literature_Supplement,Curated_traceable,EL:1; MTL:1; UTS:1,,10.1016/j.commatsci.2025.114121,No_DOI_in_reference_manual_check,"陈祥, 陈康华, 方华婵. 稀土 Pr 对 Al-Zn-Mg-Cu-Zr 合金组织和性能的影响[J]. 粉末冶金材料科学与工程, 2009, 14(3): 147-151.",Review_required,,Locate the source from Source_Reference; DOI/access terms require manual verification
SUPPSRC_089,补充文献260,Literature_Supplement,Curated_traceable,EL:2; MTL:2; UTS:2,,10.1016/j.commatsci.2025.114121,No_DOI_in_reference_manual_check,"Fang H C, Chen K H, ZHANG Z, et al. Effect of Yb additions on microstructures and properties of 7A60 aluminum alloy[J]. Transactions of Nonferrous Metals Society of China, 2008, 18(1): 28-32.",Review_required,,Locate the source from Source_Reference; DOI/access terms require manual verification
SUPPSRC_090,补充文献260,Literature_Supplement,Curated_traceable,EL:1; MTL:1; UTS:1,,10.1016/j.commatsci.2025.114121,No_DOI_in_reference_manual_check,"陈康华, 黄兰萍. Effect of high-temperature pre-precipitation on microstructure and properties of 7055 aluminum alloy[J]. 中国有色金属学会会刊: 英文版, 2003, 13(4): 750-754.",Review_required,,Locate the source from Source_Reference; DOI/access terms require manual verification
SUPPSRC_091,补充文献260,Literature_Supplement,Curated_traceable,EL:3; MTL:3; UTS:3,,10.1016/j.commatsci.2025.114121,No_DOI_in_reference_manual_check,"陈康华, 刘红卫, 刘允中. 强化固溶对 Al-Zn-Mg-Cu 合金力学性能和断裂行为的影响[J]. 金属学报, 2001, 37(1): 29-33.",Review_required,,Locate the source from Source_Reference; DOI/access terms require manual verification
SUPPSRC_092,补充文献260,Literature_Supplement,Curated_traceable,EL:3; MTL:3; UTS:3,,10.1016/j.commatsci.2025.114121,No_DOI_in_reference_manual_check,"Xu X, Liu Z, Zhang J, et al. Effect of Ti content on microstructure and properties of Al-9.9 Zn-2.6 Mg-0.91 Cu-0.2 Zr-xTi aluminum alloy[J]. Materials Research Express, 2019, 6(10): 106587.",Review_required,,Locate the source from Source_Reference; DOI/access terms require manual verification
SUPPSRC_093,补充文献260,Literature_Supplement,Curated_traceable,EL:3; MTL:3; UTS:3,,10.1016/j.commatsci.2025.114121,No_DOI_in_reference_manual_check,"Farahani M V, Emadoddin E, Emamy M, et al. Effect of grain refinement on mechanical properties and sliding wear resistance of extruded Sc-free 7042 aluminum alloy[J]. Materials & Design (1980-2015), 2014, 54: 361-367.",Review_required,,Locate the source from Source_Reference; DOI/access terms require manual verification
SUPPSRC_094,补充文献260,Literature_Supplement,Curated_traceable,EL:5; MTL:5; UTS:5,,10.1016/j.commatsci.2025.114121,No_DOI_in_reference_manual_check,"Kord S, Siadati M H, Alipour M, et al. Microstructure and mechanical behavior of as cast and hot extruded AlZnMgCu alloy with rare earth erbium additions[J]. Iran J Mater Sci Eng, 2018, 15: 62-69.",Review_required,,Locate the source from Source_Reference; DOI/access terms require manual verification
SUPPSRC_095,补充文献260,Literature_Supplement,Curated_traceable,EL:1; MTL:1; UTS:1,,10.1016/j.commatsci.2025.114121,No_DOI_in_reference_manual_check,"Lu J T, Huang H, Wu H, et al. Mechanical properties and corrosion behavior of a new RRA-treated Al–Zn–Mg–Cu–Er–Zr alloy[J]. Rare Metals, 2023: 1-8.",Review_required,,Locate the source from Source_Reference; DOI/access terms require manual verification
SUPPSRC_096,补充文献260,Literature_Supplement,Curated_traceable,EL:6; MTL:6; UTS:6,,10.1016/j.commatsci.2025.114121,No_DOI_in_reference_manual_check,"韩梦楠. Y 微合金化对800MPa强度级超强铝合金组织性能的调控 [D]. 江苏大学, 2022.",Review_required,,Locate the source from Source_Reference; DOI/access terms require manual verification
SUPPSRC_097,补充文献260,Literature_Supplement,Curated_traceable,EL:1; MTL:1; UTS:1,,10.1016/j.commatsci.2025.114121,No_DOI_in_reference_manual_check,"朱世安, 周春荣, 蔡月华, 等. 固溶-时效处理对 7A46 铝合金型材组织性能的影响[J]. 铝加工, 2018, 41(4): 8-12.",Review_required,,Locate the source from Source_Reference; DOI/access terms require manual verification
SUPPSRC_098,补充文献260,Literature_Supplement,Curated_traceable,EL:1; MTL:1; UTS:1,,10.1016/j.commatsci.2025.114121,No_DOI_in_reference_manual_check,"Chun F, LIU Z, NING A, et al. Retrogression and re-aging treatment of Al-9.99% Zn-1.72% Cu-2.5% Mg-0.13% Zr aluminum alloy[J]. Transactions of Nonferrous Metals Society of China, 2006, 16(5): 1163-1170.",Review_required,,Locate the source from Source_Reference; DOI/access terms require manual verification
SUPPSRC_099,补充文献260,Literature_Supplement,Curated_traceable,EL:1; MTL:1; UTS:1,,10.1016/j.commatsci.2025.114121,No_DOI_in_reference_manual_check,"Mondal C, Mukhopadhyay A K, Raghu T, et al. Tensile properties of peak aged 7055 aluminum alloy extrusions[J]. Materials Science and Engineering: A, 2007, 454: 673-678.",Review_required,,Locate the source from Source_Reference; DOI/access terms require manual verification
SUPPSRC_100,补充文献260,Literature_Supplement,Curated_traceable,EL:1; MTL:1; UTS:1,,10.1016/j.commatsci.2025.114121,No_DOI_in_reference_manual_check,"Huiyan L I, Lina J I A, Huang J, et al. Precipitation behavior and properties of extruded 7136 aluminum alloy under different aging treatments[J]. Chinese Journal of Aeronautics, 2021, 34(2): 612-619.",Review_required,,Locate the source from Source_Reference; DOI/access terms require manual verification
SUPPSRC_101,补充文献260,Literature_Supplement,Curated_traceable,EL:1; MTL:1; UTS:1,,10.1016/j.commatsci.2025.114121,No_DOI_in_reference_manual_check,"Jiang F, Huang J, Jiang Y, et al. Effects of quenching rate and over-aging on microstructures, mechanical properties and corrosion resistance of an Al–Zn–Mg (7046A) alloy[J]. Journal of Alloys and Compounds, 2021, 854: 157272.",Review_required,,Locate the source from Source_Reference; DOI/access terms require manual verification
SUPPSRC_102,补充文献260,Literature_Supplement,Curated_traceable,EL:1; MTL:1; UTS:1,,10.1016/j.commatsci.2025.114121,No_DOI_in_reference_manual_check,"翟凤龙. Sm合金化对Al-Zn-Mg-Cu-Zr 合金微观组织及性能影响 [D]. 哈尔滨理工大学, 2021.",Review_required,,Locate the source from Source_Reference; DOI/access terms require manual verification
SUPPSRC_103,补充文献260,Literature_Supplement,Curated_traceable,EL:1; MTL:1; UTS:1,,10.1016/j.commatsci.2025.114121,No_DOI_in_reference_manual_check,"樊喜刚. Al-Zn-Mg-Cu-Zr 合金组织性能和断裂行为的研究[D]. 哈尔滨: 哈尔滨工业大学, 2007.",Review_required,,Locate the source from Source_Reference; DOI/access terms require manual verification
SUPPSRC_104,补充文献260,Literature_Supplement,Curated_traceable,EL:3; MTL:3; UTS:3,,10.1016/j.commatsci.2025.114121,No_DOI_in_reference_manual_check,"任丙辉. 高强高韧 7075 铝合金微观组织和性能研究[D]. 济南大学, 2021.",Review_required,,Locate the source from Source_Reference; DOI/access terms require manual verification
SUPPSRC_105,补充文献260,Literature_Supplement,Curated_traceable,EL:3; MTL:3; UTS:3,,10.1016/j.commatsci.2025.114121,No_DOI_in_reference_manual_check,"孙辉. 合金化和热处理对 7075 铝合金力学性能的影响[D]. 郑州: 郑州大学, 2016.",Review_required,,Locate the source from Source_Reference; DOI/access terms require manual verification
Tamura2020,材料信息学24,Secondary_Database,Curated_traceable,EL:18; MTL:21; Matched:18; UTS:21; YS:21,10.1080/14686996.2020.1791676,10.1080/14686996.2020.1791676,Consistent_in_reference,https://doi.org/10.1080/14686996.2020.1791676,Review_required,,Resolve DOI 10.1080/14686996.2020.1791676 and consult the article/supplement
