Variable,Category,Unit_or_Coding,Definition,UTS_Final_Model_Role,YS_307_Missing_pct,UTS_675_Missing_pct,EL_537_Missing_pct,MTL_689_Missing_pct,Matched_266_Missing_pct
Model_Row_ID,记录标识,,建模表中的唯一行标识,来源分组/审计，不进入模型,0.0,0.0,0.0,0.0,0.0
Include_Main_Model,审计标记,0/1,是否进入原主建模候选范围,来源分组/审计，不进入模型,0.0,0.0,0.0,0.0,0.0
Sensitivity_Group,审计标记,,主分析或敏感性分析分层,来源分组/审计，不进入模型,0.0,0.0,0.0,0.0,0.0
Dataset,来源元数据,,数据集名称；用于迁移验证，不进入模型,来源分组/审计，不进入模型,0.0,0.0,0.0,0.0,0.0
Source_Group,来源元数据,,来源独占分组；同组仅进入一个外层折,来源分组/审计，不进入模型,0.0,0.0,0.0,0.0,0.0
DOI,来源元数据,,原始文献DOI；不得进入预测特征,来源分组/审计，不进入模型,0.6286644951140065,0.29333333333333333,0.3370577281191806,0.29753265602322204,0.6203007518796992
Source_Reference,来源元数据,,可读的文献或数据来源说明,来源分组/审计，不进入模型,0.0,0.0,0.0,0.0,0.0
Source_File,来源元数据,,上游文件名,来源分组/审计，不进入模型,0.0,0.0,0.0,0.0,0.0
Source_Sheet,来源元数据,,上游工作表名,来源分组/审计，不进入模型,0.0,0.0,0.0,0.0,0.0
Original_Row_ID,记录标识,,上游数据中的原始行号,来源分组/审计，不进入模型,0.0,0.0,0.0,0.0,0.0
Original_Sample_ID,记录标识,,上游样本编号,来源分组/审计，不进入模型,0.0,0.0,0.0,0.0,0.0
Alloy_Grade,材料元数据,,合金名义牌号,敏感性分析或未进入最终UTS模型,0.5960912052117264,0.6533333333333333,0.7932960893854749,0.6516690856313497,0.5939849624060151
Source_Type,来源元数据,,文献、公开数据集等来源类型,来源分组/审计，不进入模型,0.0,0.0,0.0,0.0,0.0
Value_Type,质量元数据,,实测值、估读值或整理值类型,来源分组/审计，不进入模型,0.0,0.0,0.0,0.0,0.0
Evidence_Level,质量元数据,,证据等级,来源分组/审计，不进入模型,0.0,0.0,0.0,0.0,0.0
Quality_Flag,质量元数据,,数据质量标记,来源分组/审计，不进入模型,0.30293159609120524,0.13333333333333333,0.15828677839851024,0.1378809869375907,0.31203007518796994
Condition_Original,工艺元数据,,原始状态/处理条件文本,敏感性分析或未进入最终UTS模型,1.0,0.8325925925925926,1.0,0.8359941944847605,1.0
Temper,工艺元数据,,热处理状态,敏感性分析或未进入最终UTS模型,0.8403908794788274,0.76,0.9236499068901304,0.7634252539912917,0.849624060150376
Process_Category,工艺元数据,,制造或加工类别,敏感性分析或未进入最终UTS模型,1.0,0.8325925925925926,1.0,0.8359941944847605,1.0
Quench_Medium,工艺元数据,,淬火介质,敏感性分析或未进入最终UTS模型,0.7980456026058632,0.9096296296296297,0.8919925512104283,0.9056603773584906,0.793233082706767
Al,化学成分,wt.%,铝含量；部分记录由余量计算,敏感性分析或未进入最终UTS模型,0.0,0.0,0.0,0.0,0.0
Zn,化学成分,wt.%,锌含量,最终直接输入特征,0.0,0.0,0.0,0.0,0.0
Mg,化学成分,wt.%,镁含量,最终直接输入特征,0.0,0.0,0.0,0.0,0.0
Cu,化学成分,wt.%,铜含量,最终直接输入特征,0.0,0.0,0.0,0.0,0.0
Si,化学成分,wt.%,硅含量,敏感性分析或未进入最终UTS模型,0.03257328990228013,0.014814814814814815,0.0148975791433892,0.015965166908563134,0.02631578947368421
Fe,化学成分,wt.%,铁含量,最终直接输入特征,0.03257328990228013,0.014814814814814815,0.0148975791433892,0.015965166908563134,0.02631578947368421
Mn,化学成分,wt.%,锰含量,敏感性分析或未进入最终UTS模型,0.03257328990228013,0.014814814814814815,0.0148975791433892,0.015965166908563134,0.02631578947368421
Cr,化学成分,wt.%,铬含量,敏感性分析或未进入最终UTS模型,0.019543973941368076,0.008888888888888889,0.0111731843575419,0.008708272859216255,0.022556390977443608
Ti,化学成分,wt.%,钛含量,敏感性分析或未进入最终UTS模型,0.03257328990228013,0.014814814814814815,0.0148975791433892,0.015965166908563134,0.02631578947368421
Zr,化学成分,wt.%,锆含量,最终直接输入特征,0.013029315960912053,0.005925925925925926,0.0037243947858473,0.00725689404934688,0.0037593984962406013
V,化学成分,wt.%,钒含量,敏感性分析或未进入最终UTS模型,0.03257328990228013,0.3896296296296296,0.4860335195530726,0.386066763425254,0.02631578947368421
Li,化学成分,wt.%,锂含量,敏感性分析或未进入最终UTS模型,0.10097719869706841,0.42074074074074075,0.5195530726256983,0.41654571843251087,0.09398496240601503
Ni,化学成分,wt.%,镍含量,敏感性分析或未进入最终UTS模型,0.10097719869706841,0.045925925925925926,0.048417132216014895,0.04644412191582003,0.09398496240601503
Sc,化学成分,wt.%,钪含量,敏感性分析或未进入最终UTS模型,0.10097719869706841,0.21333333333333335,0.048417132216014895,0.2104499274310595,0.09398496240601503
Ag,化学成分,wt.%,银含量,敏感性分析或未进入最终UTS模型,0.6970684039087948,0.3244444444444444,0.37057728119180633,0.32801161103047893,0.6879699248120301
Ce,化学成分,wt.%,铈含量,敏感性分析或未进入最终UTS模型,0.6970684039087948,0.4918518518518519,0.37057728119180633,0.49201741654571846,0.6879699248120301
Sol_Temp_C,工艺参数,°C,固溶温度,敏感性分析或未进入最终UTS模型,0.19543973941368079,0.6311111111111111,0.5698324022346368,0.6211901306240929,0.19924812030075187
Sol_Time_h,工艺参数,h,固溶时间,敏感性分析或未进入最终UTS模型,0.7915309446254072,0.9096296296296297,0.8919925512104283,0.9027576197387518,0.793233082706767
Cooling_Rate_K_s,工艺参数,K/s,冷却速率,敏感性分析或未进入最终UTS模型,0.8306188925081434,0.9244444444444444,0.9068901303538175,0.9216255442670537,0.8195488721804511
Age1_Temp_C,工艺参数,°C,第一级时效温度,敏感性分析或未进入最终UTS模型,0.7980456026058632,0.9096296296296297,0.8919925512104283,0.9056603773584906,0.793233082706767
Age1_Time_h,工艺参数,h,第一级时效时间,敏感性分析或未进入最终UTS模型,0.7980456026058632,0.9096296296296297,0.8919925512104283,0.9056603773584906,0.793233082706767
Age2_Temp_C,工艺参数,°C,第二级时效温度,敏感性分析或未进入最终UTS模型,0.9381107491856677,0.9718518518518519,0.9702048417132216,0.9724238026124818,0.9398496240601504
Age2_Time_h,工艺参数,h,第二级时效时间,敏感性分析或未进入最终UTS模型,0.9381107491856677,0.9718518518518519,0.9702048417132216,0.9724238026124818,0.9398496240601504
Test_Temp_C,测试参数,°C,力学性能测试温度,敏感性分析或未进入最终UTS模型,0.7882736156351792,0.9081481481481481,0.8901303538175046,0.9013062409288825,0.7894736842105263
Zn_Mg_Ratio,成分派生描述符,,Zn/Mg；分母接近零时按安全规则置缺失,敏感性分析或未进入最终UTS模型,0.0,0.0,0.0,0.0,0.0
Zn_Cu_Ratio,成分派生描述符,,Zn/Cu；仅用于敏感性分析,敏感性分析或未进入最终UTS模型,0.03908794788273615,0.01925925925925926,0.0223463687150838,0.018867924528301886,0.041353383458646614
Mg_Cu_Ratio,成分派生描述符,,Mg/Cu；仅用于敏感性分析,敏感性分析或未进入最终UTS模型,0.03908794788273615,0.01925925925925926,0.0223463687150838,0.018867924528301886,0.041353383458646614
Zn_Mg_Sum,成分派生描述符,wt.%,Zn+Mg,敏感性分析或未进入最终UTS模型,0.0,0.0,0.0,0.0,0.0
Zn_Mg_Cu_Sum,成分派生描述符,wt.%,Zn+Mg+Cu,敏感性分析或未进入最终UTS模型,0.0,0.0,0.0,0.0,0.0
Zn_Share_ZnMgCu,成分派生描述符,,Zn/(Zn+Mg+Cu),敏感性分析或未进入最终UTS模型,0.0,0.0,0.0,0.0,0.0
Reported_Solute_Sum,成分派生描述符,wt.%,已报告合金元素含量之和,敏感性分析或未进入最终UTS模型,0.0,0.0,0.0,0.0,0.0
Process_Missing_Count,缺失性描述符,count,关键工艺字段缺失数量,敏感性分析或未进入最终UTS模型,0.0,0.0,0.0,0.0,0.0
YS_0.2pct_MPa,预测目标,MPa,0.2%屈服强度,敏感性分析或未进入最终UTS模型,0.0,,,0.5544267053701016,0.0
Outer_Fold,验证设计,1-5,来源独占外层折编号,来源分组/审计，不进入模型,0.0,0.0,0.0,0.0,0.0
Audit_Tier,审计标记,,研究范围审计层级,来源分组/审计，不进入模型,0.0,0.0,0.0,,
Audit_Decision,审计标记,,保留、敏感性或排除决定,来源分组/审计，不进入模型,0.0,0.0,0.0,,
Include_Scope_Clean_Model,审计标记,0/1,是否进入范围清洁模型,来源分组/审计，不进入模型,0.0,0.0,0.0,,
Decision_Reason_CN,审计说明,,范围决定的中文理由,来源分组/审计，不进入模型,0.0,0.0,0.0,,
UTS_MPa,预测目标,MPa,抗拉强度,目标,,0.0,,0.020319303338171262,0.0
EL_pct,预测目标,%,断后伸长率,敏感性分析或未进入最终UTS模型,,,0.0,0.22060957910014514,0.0
Hardness_HV,探索目标,HV,维氏硬度；不进入本轮主模型,敏感性分析或未进入最终UTS模型,,,,0.9274310595065312,0.8458646616541353
Mask_YS,标签掩码,0/1,YS标签是否存在,来源分组/审计，不进入模型,,,,0.0,0.0
Mask_UTS,标签掩码,0/1,UTS标签是否存在,来源分组/审计，不进入模型,,,,0.0,0.0
Mask_EL,标签掩码,0/1,EL标签是否存在,来源分组/审计，不进入模型,,,,0.0,0.0
Observed_Target_Count,标签结构,count,YS、UTS和EL中已观测目标数量,来源分组/审计，不进入模型,,,,0.0,0.0
Four_Target_Complete,标签结构,0/1,四目标是否完整,来源分组/审计，不进入模型,,,,0.0,0.0
Triple_Target_Complete,标签结构,0/1,YS、UTS和EL是否完整匹配,来源分组/审计，不进入模型,,,,0.0,0.0
Sample_Key,记录标识,,Dataset与Original_Sample_ID构成的匹配键,来源分组/审计，不进入模型,,,,,0.0
